Symbol,Company Name,Last Price,Change,% Change,Market Time,Volume,Avg Vol (3 month),Market Cap,Date
BTC-USD,-,43196.555,5679.61,0.1514,11:07 PM UTC,34.90B,28.41B,819.48B,2/24/2022
ETH-USD,-,2901.6553,300.51,0.1155,11:06 PM UTC,19.22B,17.11B,347.54B,2/24/2022
USDT-USD,-,1.0004982,0,0.0001,11:06 PM UTC,70.88B,61.60B,79.62B,2/24/2022
BNB-USD,-,394.87405,33.78,0.0935,11:06 PM UTC,1.83B,2.19B,65.20B,2/24/2022
USDC-USD,-,1.0001669,0,0.001,11:06 PM UTC,5.41B,"1,775.40B",53.48B,2/24/2022
XRP-USD,-,0.7819148,0.07,0.0933,11:07 PM UTC,3.01B,2.47B,37.49B,2/24/2022
LUNA1-USD,-,89.23264,17.3,0.2405,11:06 PM UTC,4.88B,2.41B,33.58B,2/24/2022
ADA-USD,-,0.9481026,0.1,0.1193,11:06 PM UTC,1.77B,1.74B,31.91B,2/24/2022
SOL-USD,-,98.85974,13.97,0.1645,11:06 PM UTC,3.36B,2.31B,31.64B,2/24/2022
HEX-USD,-,0.14360362,0,0.0109,11:06 PM UTC,20.04M,24.33M,24.90B,2/24/2022
AVAX-USD,-,83.94767,9.53,0.128,11:06 PM UTC,1.87B,1.15B,20.67B,2/24/2022
DOT-USD,-,18.664053,1.2,0.0685,11:06 PM UTC,1.73B,1.37B,18.43B,2/24/2022
BUSD-USD,-,0.99912524,0,-0.0005,11:05 PM UTC,6.02B,8.19B,18.32B,2/24/2022
DOGE-USD,-,0.13268025,0.01,0.0806,11:06 PM UTC,749.97M,1.10B,17.60B,2/24/2022
SHIB-USD,-,2.55E-05,0,0.0894,11:06 PM UTC,1.47B,1.55B,14.00B,2/24/2022
UST-USD,-,1.0035278,0,0.0005,11:03 PM UTC,612.77M,309.35M,12.97B,2/24/2022
MATIC-USD,-,1.5918866,0.14,0.097,11:06 PM UTC,1.19B,1.89B,12.03B,2/24/2022
WBTC-USD,-,43125.918,5521.31,0.1468,11:05 PM UTC,298.59M,249.87M,11.31B,2/24/2022
CRO-USD,-,0.43849283,0.04,0.1131,11:06 PM UTC,137.11M,223.10M,11.08B,2/24/2022
DAI-USD,-,1.0002611,0,0.0012,11:06 PM UTC,303.83M,512.12M,9.69B,2/24/2022
ATOM-USD,-,30.44253,3.31,0.1221,11:06 PM UTC,1.34B,1.11B,8.72B,2/24/2022
LTC-USD,-,112.009125,9.26,0.0902,11:07 PM UTC,909.15M,1.12B,7.81B,2/24/2022
UNI1-USD,-,10.408634,0.69,0.0708,11:06 PM UTC,443.13M,290.63M,7.15B,2/24/2022
LINK-USD,-,14.950211,1.3,0.0956,11:06 PM UTC,828.09M,1.16B,6.98B,2/24/2022
BCH-USD,-,332.29227,29.14,0.0961,11:06 PM UTC,4.32B,4.12B,6.31B,2/24/2022
FTT-USD,-,45.792957,4.39,0.1061,11:06 PM UTC,166.54M,180.17M,6.31B,2/24/2022
TRX-USD,-,0.06142589,0,0.0591,11:06 PM UTC,1.05B,1.23B,6.25B,2/24/2022
NEAR-USD,-,9.281664,0.78,0.0915,11:03 PM UTC,436.61M,705.53M,5.97B,2/24/2022
STETH-USD,-,2895.0598,299.67,0.1155,11:05 PM UTC,1.89M,10.86M,5.82B,2/24/2022
ALGO-USD,-,0.8592686,0.06,0.0811,11:06 PM UTC,267.02M,375.30M,5.69B,2/24/2022
BTC-USD,-,38071.215,-755.63,-0.0195,6:56 PM UTC,25.03B,27.25B,722.47B,2/25/2022
ETH-USD,-,2532.4104,-89.93,-0.0343,6:56 PM UTC,13.25B,15.94B,303.55B,2/25/2022
USDT-USD,-,1.000282,0,0,6:56 PM UTC,55.46B,58.67B,80.05B,2/25/2022
BNB-USD,-,373.27808,-6.91,-0.0182,6:56 PM UTC,1.64B,2.09B,61.63B,2/25/2022
USDC-USD,-,0.9996055,0,0.0002,6:56 PM UTC,3.93B,"1,815.05B",52.45B,2/25/2022
XRP-USD,-,0.727786,-0.01,-0.0148,6:56 PM UTC,2.75B,2.38B,34.89B,2/25/2022
LUNA1-USD,-,79.82698,-2.62,-0.0317,6:56 PM UTC,3.16B,2.45B,29.28B,2/25/2022
ADA-USD,-,0.81513476,-0.02,-0.027,6:56 PM UTC,894.65M,1.61B,27.45B,2/25/2022
SOL-USD,-,82.99477,-3.54,-0.0409,6:56 PM UTC,2.24B,2.20B,26.66B,2/25/2022
HEX-USD,-,0.11404691,0,-0.0175,6:56 PM UTC,12.63M,24.50M,19.78B,2/25/2022
AVAX-USD,-,73.509186,-0.65,-0.0087,6:56 PM UTC,1.10B,1.15B,19.53B,2/25/2022
BUSD-USD,-,1.0006785,0,0.0009,6:55 PM UTC,4.54B,8.02B,18.16B,2/25/2022
DOT-USD,-,16.559046,-0.56,-0.0324,6:56 PM UTC,918.40M,1.33B,16.35B,2/25/2022
DOGE-USD,-,0.1183639,0,-0.0303,6:56 PM UTC,465.79M,984.83M,15.70B,2/25/2022
UST-USD,-,1.0006555,0,-0.0027,6:55 PM UTC,508.83M,341.37M,13.80B,2/25/2022
SHIB-USD,-,2.30E-05,0,-0.0356,6:56 PM UTC,770.05M,1.32B,12.64B,2/25/2022
MATIC-USD,-,1.4183826,-0.05,-0.0355,6:56 PM UTC,902.48M,1.66B,10.87B,2/25/2022
WBTC-USD,-,38210.203,-632.52,-0.0163,6:55 PM UTC,141.87M,239.27M,10.21B,2/25/2022
DAI-USD,-,0.9995607,0,0,6:56 PM UTC,297.67M,456.42M,9.88B,2/25/2022
CRO-USD,-,0.3838175,-0.01,-0.0302,6:56 PM UTC,76.02M,185.14M,9.70B,2/25/2022
ATOM-USD,-,29.043297,0.49,0.017,6:56 PM UTC,962.46M,1.15B,8.32B,2/25/2022
LTC-USD,-,100.064926,-3.27,-0.0316,6:56 PM UTC,700.20M,1.01B,6.98B,2/25/2022
NEAR-USD,-,9.77401,-0.98,-0.0913,6:55 PM UTC,678.30M,763.91M,6.31B,2/25/2022
LINK-USD,-,13.037166,-0.67,-0.049,6:56 PM UTC,731.89M,1.12B,6.09B,2/25/2022
TRX-USD,-,0.05925213,0,-0.0048,6:56 PM UTC,824.71M,1.09B,6.03B,2/25/2022
WTRX-USD,-,0.059238527,0,-0.007,6:55 PM UTC,1.47M,-,6.03B,2/25/2022
UNI1-USD,-,8.416536,-0.27,-0.0314,6:56 PM UTC,209.90M,276.63M,5.78B,2/25/2022
FTT-USD,-,39.57708,-0.88,-0.0216,6:56 PM UTC,119.29M,172.02M,5.45B,2/25/2022
BCH-USD,-,279.1932,-10.19,-0.0352,6:56 PM UTC,3.64B,4.40B,5.31B,2/25/2022
LEO-USD,-,5.459786,0.11,0.0205,6:55 PM UTC,6.39M,5.73M,5.21B,2/25/2022
BTC-USD,-,39030.047,919.54,0.0241,2:53 AM UTC,24.72B,26.83B,740.93B,2/26/2022
ETH-USD,-,2564.2395,36.51,0.0144,2:53 AM UTC,11.56B,15.06B,307.62B,2/26/2022
USDT-USD,-,1.0002053,0,0,2:53 AM UTC,53.51B,57.75B,80.10B,2/26/2022
BNB-USD,-,369.35403,5.07,0.0139,2:53 AM UTC,1.42B,2.08B,60.99B,2/26/2022
USDC-USD,-,0.99966615,0,-0.0004,2:53 AM UTC,3.55B,"1,835.54B",52.45B,2/26/2022
XRP-USD,-,0.76702166,0,0.006,2:53 AM UTC,2.10B,2.36B,36.85B,2/26/2022
LUNA1-USD,-,94.43402,5.17,0.058,2:53 AM UTC,3.53B,2.59B,35.14B,2/26/2022
ADA-USD,-,0.7968661,0.01,0.0073,2:53 AM UTC,883.05M,1.55B,26.84B,2/26/2022
SOL-USD,-,80.256004,1.11,0.014,2:53 AM UTC,1.67B,2.17B,25.93B,2/26/2022
HEX-USD,-,0.11150453,-0.01,-0.0496,2:53 AM UTC,20.58M,24.33M,19.34B,2/26/2022
AVAX-USD,-,67.750244,0.02,0.0003,2:53 AM UTC,1.32B,1.16B,18.05B,2/26/2022
BUSD-USD,-,1.0003234,0,0.0012,2:52 AM UTC,4.59B,8.05B,17.97B,2/26/2022
DOT-USD,-,17.592812,0.33,0.0192,2:53 AM UTC,696.85M,1.28B,17.37B,2/26/2022
DOGE-USD,-,0.11322839,0,0.0169,2:53 AM UTC,831.09M,870.70M,15.02B,2/26/2022
UST-USD,-,1.00299,0,-0.0004,2:52 AM UTC,466.82M,374.33M,14.75B,2/26/2022
SHIB-USD,-,2.18E-05,0,0.0132,2:53 AM UTC,656.73M,1.28B,12.00B,2/26/2022
WBTC-USD,-,39011.35,940.53,0.0247,2:52 AM UTC,146.35M,227.24M,10.64B,2/26/2022
MATIC-USD,-,1.3669816,0.01,0.008,2:53 AM UTC,768.48M,1.48B,10.48B,2/26/2022
DAI-USD,-,0.99968046,0,-0.0005,2:53 AM UTC,244.91M,415.31M,9.81B,2/26/2022
CRO-USD,-,0.37684697,0,0.0011,2:53 AM UTC,59.15M,171.03M,9.52B,2/26/2022
ATOM-USD,-,26.602024,0.41,0.0158,2:53 AM UTC,612.15M,1.19B,7.62B,2/26/2022
LTC-USD,-,105.71012,3.96,0.0389,2:53 AM UTC,761.30M,963.05M,7.38B,2/26/2022
NEAR-USD,-,10.111352,0.36,0.0372,2:52 AM UTC,496.60M,771.56M,6.55B,2/26/2022
LINK-USD,-,13.429616,0.73,0.0574,2:53 AM UTC,617.49M,1.09B,6.27B,2/26/2022
TRX-USD,-,0.059923176,0,0.0051,2:53 AM UTC,816.37M,1.06B,6.10B,2/26/2022
WTRX-USD,-,0.059865173,0,0.0055,2:52 AM UTC,717.42k,-,6.09B,2/26/2022
UNI1-USD,-,8.45482,0.21,0.0252,2:53 AM UTC,172.64M,273.07M,5.81B,2/26/2022
FTT-USD,-,40.9776,0.91,0.0227,2:53 AM UTC,92.33M,170.46M,5.63B,2/26/2022
LEO-USD,-,5.8819,0.04,0.0066,2:52 AM UTC,7.23M,5.99M,5.61B,2/26/2022
BCH-USD,-,286.85275,6.84,0.0244,2:53 AM UTC,3.40B,4.58B,5.45B,2/26/2022
BTC-USD,-,39135.02,338.07,0.0087,5:18 PM UTC,23.28B,26.80B,742.94B,2/27/2022
ETH-USD,-,2591.6196,36.71,0.0144,5:18 PM UTC,12.13B,15.02B,310.92B,2/27/2022
USDT-USD,-,1.000357,0,0.0001,5:18 PM UTC,52.05B,57.69B,80.11B,2/27/2022
BNB-USD,-,370.18668,3.66,0.01,5:18 PM UTC,1.37B,2.07B,61.12B,2/27/2022
USDC-USD,-,0.9995544,0,-0.0001,5:18 PM UTC,3.43B,"1,814.95B",52.43B,2/27/2022
XRP-USD,-,0.7626178,0.01,0.0092,5:18 PM UTC,1.91B,2.36B,36.64B,2/27/2022
LUNA1-USD,-,90.64191,-0.6,-0.0066,5:18 PM UTC,2.95B,2.60B,33.63B,2/27/2022
ADA-USD,-,0.8034845,0.01,0.0138,5:18 PM UTC,777.74M,1.54B,27.08B,2/27/2022
SOL-USD,-,81.72865,1.73,0.0216,5:18 PM UTC,1.44B,2.17B,26.41B,2/27/2022
AVAX-USD,-,70.26836,3.37,0.0504,5:18 PM UTC,1.02B,1.16B,18.73B,2/27/2022
HEX-USD,-,0.107835054,0,-0.0376,5:18 PM UTC,19.77M,24.31M,18.70B,2/27/2022
BUSD-USD,-,1.0009346,0,0.0006,5:18 PM UTC,4.74B,8.01B,17.97B,2/27/2022
DOT-USD,-,17.690346,0.27,0.0154,5:18 PM UTC,680.98M,1.28B,17.47B,2/27/2022
DOGE-USD,-,0.11246487,0,-0.0017,5:18 PM UTC,408.04M,870.15M,14.92B,2/27/2022
UST-USD,-,1.0031202,0,-0.0001,5:18 PM UTC,594.55M,375.29M,14.85B,2/27/2022
SHIB-USD,-,2.16E-05,0,-0.0029,5:18 PM UTC,670.09M,1.28B,11.88B,2/27/2022
WBTC-USD,-,39102.42,336.65,0.0087,5:18 PM UTC,146.58M,226.14M,10.67B,2/27/2022
MATIC-USD,-,1.3745625,0.02,0.016,5:18 PM UTC,725.77M,1.47B,10.57B,2/27/2022
DAI-USD,-,1.0001283,0,0,5:18 PM UTC,244.86M,413.49M,9.81B,2/27/2022
CRO-USD,-,0.38277867,0.01,0.0143,5:18 PM UTC,67.20M,169.77M,9.67B,2/27/2022
ATOM-USD,-,27.28955,0.91,0.0346,5:18 PM UTC,754.62M,1.19B,7.81B,2/27/2022
LTC-USD,-,106.56461,3.01,0.029,5:18 PM UTC,739.89M,960.58M,7.44B,2/27/2022
NEAR-USD,-,10.1678505,0.3,0.0306,5:18 PM UTC,530.28M,768.26M,6.65B,2/27/2022
LINK-USD,-,13.339392,0.27,0.0205,5:18 PM UTC,531.85M,1.09B,6.23B,2/27/2022
WTRX-USD,-,0.060510613,0,0.0067,5:18 PM UTC,845.62k,-,6.15B,2/27/2022
TRX-USD,-,0.06034378,0,0.0048,5:18 PM UTC,771.29M,1.06B,6.14B,2/27/2022
UNI1-USD,-,8.500192,0.07,0.0087,5:18 PM UTC,154.35M,271.92M,5.84B,2/27/2022
FTT-USD,-,40.928223,0.43,0.0107,5:18 PM UTC,90.55M,169.62M,5.63B,2/27/2022
LEO-USD,-,5.877131,0.04,0.0072,5:18 PM UTC,8.25M,6.01M,5.61B,2/27/2022
BCH-USD,-,289.11017,4.92,0.0173,5:18 PM UTC,3.42B,4.57B,5.50B,2/27/2022
BTC-USD,-,39242.574,191.91,0.0049,1:20 AM UTC,23.46B,26.80B,745.00B,2/28/2022
ETH-USD,-,2624.0007,68.7,0.0269,1:20 AM UTC,12.44B,15.02B,314.82B,2/28/2022
USDT-USD,-,1.0002896,0,0.0001,1:20 AM UTC,51.80B,57.69B,80.11B,2/28/2022
BNB-USD,-,372.1596,2.38,0.0064,1:20 AM UTC,1.33B,2.07B,61.45B,2/28/2022
USDC-USD,-,0.99963933,0,0.0001,1:20 AM UTC,3.36B,"1,814.95B",52.39B,2/28/2022
XRP-USD,-,0.7654751,0,-0.0034,1:20 AM UTC,1.78B,2.36B,36.78B,2/28/2022
LUNA1-USD,-,87.51594,-6.51,-0.0692,1:20 AM UTC,2.76B,2.60B,32.41B,2/28/2022
ADA-USD,-,0.80217385,0.01,0.0084,1:20 AM UTC,815.67M,1.54B,27.03B,2/28/2022
SOL-USD,-,82.982124,2.47,0.0306,1:20 AM UTC,1.60B,2.17B,26.81B,2/28/2022
AVAX-USD,-,69.66753,1.87,0.0275,1:20 AM UTC,980.27M,1.16B,18.57B,2/28/2022
HEX-USD,-,0.10381122,-0.01,-0.0642,1:20 AM UTC,21.21M,24.31M,18.00B,2/28/2022
BUSD-USD,-,1.0003966,0,0.0013,1:21 AM UTC,4.76B,8.01B,17.95B,2/28/2022
DOT-USD,-,18.156605,0.63,0.0359,1:20 AM UTC,678.44M,1.28B,17.93B,2/28/2022
DOGE-USD,-,0.11288924,0,0.0017,1:20 AM UTC,385.19M,870.15M,14.98B,2/28/2022
UST-USD,-,1.0033946,0,0.0004,1:18 AM UTC,629.16M,375.29M,14.91B,2/28/2022
SHIB-USD,-,2.17E-05,0,-0.0019,1:20 AM UTC,619.35M,1.28B,11.92B,2/28/2022
WBTC-USD,-,39272.555,224.03,0.0057,1:21 AM UTC,120.85M,226.14M,10.71B,2/28/2022
MATIC-USD,-,1.3782645,0.01,0.0092,1:20 AM UTC,620.50M,1.47B,10.60B,2/28/2022
DAI-USD,-,0.99978876,0,0.0005,1:20 AM UTC,256.03M,413.49M,9.81B,2/28/2022
CRO-USD,-,0.38425156,0.01,0.0215,1:20 AM UTC,62.60M,169.77M,9.71B,2/28/2022
ATOM-USD,-,27.07702,0.49,0.0185,1:20 AM UTC,749.37M,1.19B,7.75B,2/28/2022
LTC-USD,-,107.25444,1.95,0.0185,1:20 AM UTC,689.38M,960.58M,7.49B,2/28/2022
NEAR-USD,-,10.120302,-0.03,-0.0029,1:21 AM UTC,480.86M,768.26M,6.62B,2/28/2022
LINK-USD,-,13.776107,0.4,0.0302,1:20 AM UTC,510.84M,1.09B,6.43B,2/28/2022
TRX-USD,-,0.060562603,0,0.0126,1:20 AM UTC,727.31M,1.06B,6.16B,2/28/2022
WTRX-USD,-,0.06044574,0,0.0071,1:18 AM UTC,765.26k,-,6.15B,2/28/2022
UNI1-USD,-,8.73257,0.3,0.0355,1:20 AM UTC,158.93M,271.92M,6.00B,2/28/2022
FTT-USD,-,41.052197,0.13,0.0031,1:20 AM UTC,71.21M,169.62M,5.64B,2/28/2022
LEO-USD,-,5.8962574,0.02,0.0041,1:21 AM UTC,8.10M,6.01M,5.62B,2/28/2022
BCH-USD,-,291.71133,5.21,0.0182,1:20 AM UTC,3.41B,4.57B,5.55B,2/28/2022
BTC-USD,-,40968.01,224.41,0.0055,2:45 PM UTC,32.51B,26.84B,777.82B,3/1/2022
ETH-USD,-,2808.9216,107.95,0.04,2:45 PM UTC,16.26B,14.88B,337.06B,3/1/2022
USDT-USD,-,1.000389,0,0,2:45 PM UTC,68.42B,57.66B,80.15B,3/1/2022
BNB-USD,-,387.93106,9.2,0.0243,2:45 PM UTC,1.85B,2.07B,64.05B,3/1/2022
USDC-USD,-,0.9998864,0,0.0001,2:45 PM UTC,4.41B,"1,814.95B",52.49B,3/1/2022
XRP-USD,-,0.7932627,0.02,0.0268,2:45 PM UTC,2.39B,2.35B,38.11B,3/1/2022
LUNA1-USD,-,88.22198,-0.27,-0.003,2:45 PM UTC,2.44B,2.62B,32.47B,3/1/2022
SOL-USD,-,90.24741,5.97,0.0708,2:45 PM UTC,2.38B,2.15B,28.88B,3/1/2022
ADA-USD,-,0.8483711,0.03,0.0334,2:45 PM UTC,1.20B,1.53B,28.59B,3/1/2022
AVAX-USD,-,81.18764,10.44,0.1476,2:45 PM UTC,1.89B,1.14B,21.65B,3/1/2022
HEX-USD,-,0.11886426,0,0.0391,2:45 PM UTC,15.20M,24.00M,20.61B,3/1/2022
DOT-USD,-,18.90985,0.62,0.0342,2:45 PM UTC,1.12B,1.28B,18.67B,3/1/2022
BUSD-USD,-,0.99890786,0,-0.0009,2:45 PM UTC,6.14B,8.03B,17.80B,3/1/2022
DOGE-USD,-,0.117256775,0,0.0218,2:45 PM UTC,515.29M,857.26M,15.56B,3/1/2022
UST-USD,-,1.0025067,0,0.0006,2:45 PM UTC,554.36M,386.80M,15.11B,3/1/2022
SHIB-USD,-,2.25E-05,0,0.0202,2:45 PM UTC,765.25M,1.27B,12.37B,3/1/2022
MATIC-USD,-,1.4826064,0.08,0.0539,2:45 PM UTC,856.48M,1.44B,11.40B,3/1/2022
WBTC-USD,-,41002.734,227.48,0.0056,2:45 PM UTC,168.83M,224.31M,11.19B,3/1/2022
CRO-USD,-,0.40628937,0.01,0.0209,2:45 PM UTC,76.70M,166.87M,10.26B,3/1/2022
DAI-USD,-,0.99984074,0,-0.0002,2:45 PM UTC,305.74M,404.99M,9.87B,3/1/2022
ATOM-USD,-,28.625021,0.78,0.0279,2:45 PM UTC,909.05M,1.20B,8.20B,3/1/2022
LTC-USD,-,110.56386,1.87,0.0172,2:45 PM UTC,804.90M,957.39M,7.72B,3/1/2022
NEAR-USD,-,11.016814,0.72,0.07,2:45 PM UTC,695.33M,772.53M,7.22B,3/1/2022
LINK-USD,-,14.640182,0.53,0.0374,2:45 PM UTC,888.74M,1.08B,6.84B,3/1/2022
UNI1-USD,-,9.306321,0.57,0.0649,2:45 PM UTC,249.73M,272.05M,6.40B,3/1/2022
WTRX-USD,-,0.060921583,0,0.008,2:45 PM UTC,662.86k,-,6.20B,3/1/2022
TRX-USD,-,0.060907606,0,0.007,2:45 PM UTC,672.55M,1.03B,6.19B,3/1/2022
LEO-USD,-,6.2194757,0.28,0.0467,2:45 PM UTC,7.60M,6.13M,5.93B,3/1/2022
FTT-USD,-,43.11448,0.99,0.0236,2:45 PM UTC,108.00M,169.78M,5.93B,3/1/2022
BCH-USD,-,297.90778,5.32,0.0182,2:45 PM UTC,3.22B,4.53B,5.66B,3/1/2022
BTC-USD,-,40521.562,-504.23,-0.0123,3:49 AM UTC,22.98B,26.85B,769.36B,3/2/2022
ETH-USD,-,2778.1975,11.17,0.004,3:49 AM UTC,12.61B,14.83B,333.40B,3/2/2022
USDT-USD,-,1.0004604,0,0.0001,3:49 AM UTC,53.01B,57.68B,80.46B,3/2/2022
BNB-USD,-,384.65164,1.5,0.0039,3:49 AM UTC,1.62B,2.08B,63.51B,3/2/2022
USDC-USD,-,0.9997719,0,0.0001,3:49 AM UTC,3.70B,"1,835.53B",52.73B,3/2/2022
XRP-USD,-,0.7873958,0,-0.0054,3:49 AM UTC,1.81B,2.36B,37.89B,3/2/2022
LUNA1-USD,-,85.30054,-2.56,-0.0291,3:49 AM UTC,1.92B,2.63B,31.33B,3/2/2022
ADA-USD,-,0.8281795,-0.02,-0.0224,3:49 AM UTC,841.76M,1.54B,27.91B,3/2/2022
SOL-USD,-,85.87725,-2.29,-0.026,3:49 AM UTC,2.46B,2.16B,27.50B,3/2/2022
AVAX-USD,-,78.42314,1.9,0.0248,3:49 AM UTC,1.78B,1.14B,20.93B,3/2/2022
HEX-USD,-,0.116702184,0,0.0237,3:49 AM UTC,10.74M,23.84M,20.24B,3/2/2022
DOT-USD,-,18.426088,-0.7,-0.0364,3:49 AM UTC,740.41M,1.29B,18.20B,3/2/2022
BUSD-USD,-,0.9991049,0,-0.001,3:49 AM UTC,5.20B,8.08B,17.72B,3/2/2022
DOGE-USD,-,0.115244634,0,-0.0163,3:49 AM UTC,421.01M,859.52M,15.29B,3/2/2022
UST-USD,-,1.0041387,0,0.0004,3:49 AM UTC,443.12M,388.70M,15.20B,3/2/2022
SHIB-USD,-,2.18E-05,0,-0.0313,3:49 AM UTC,581.63M,1.27B,11.97B,3/2/2022
WBTC-USD,-,40543.043,-529.88,-0.0129,3:49 AM UTC,157.27M,224.13M,11.06B,3/2/2022
MATIC-USD,-,1.4238619,-0.03,-0.018,3:49 AM UTC,650.61M,1.43B,10.96B,3/2/2022
CRO-USD,-,0.39339396,-0.01,-0.0247,3:49 AM UTC,60.87M,167.00M,9.94B,3/2/2022
DAI-USD,-,0.99940556,0,-0.0009,3:49 AM UTC,226.72M,401.93M,9.85B,3/2/2022
ATOM-USD,-,27.539562,-1.04,-0.0362,3:49 AM UTC,574.30M,1.21B,7.89B,3/2/2022
LTC-USD,-,108.58893,-1.52,-0.0138,3:49 AM UTC,609.44M,959.38M,7.59B,3/2/2022
NEAR-USD,-,10.5231085,-0.41,-0.0379,3:49 AM UTC,498.99M,778.81M,6.89B,3/2/2022
LINK-USD,-,14.177082,-0.52,-0.0351,3:49 AM UTC,624.56M,1.09B,6.62B,3/2/2022
UNI1-USD,-,9.064486,-0.04,-0.004,3:49 AM UTC,193.02M,271.58M,6.23B,3/2/2022
WTRX-USD,-,0.060479194,0,-0.0072,3:49 AM UTC,277.07k,-,6.15B,3/2/2022
TRX-USD,-,0.06044627,0,-0.0074,3:49 AM UTC,509.99M,1.03B,6.15B,3/2/2022
LEO-USD,-,6.2192082,0.08,0.0134,3:49 AM UTC,7.98M,6.16M,5.93B,3/2/2022
FTT-USD,-,42.6541,-0.14,-0.0033,3:49 AM UTC,81.00M,170.46M,5.86B,3/2/2022
STETH-USD,-,2785.4526,29.02,0.0105,3:49 AM UTC,752.14k,9.03M,5.61B,3/2/2022
BTC-USD,-,41383.066,-589.36,-0.014,3:32 PM UTC,21.15B,26.77B,785.82B,3/3/2022
ETH-USD,-,2857.147,-113.24,-0.0381,3:32 PM UTC,12.49B,14.69B,342.97B,3/3/2022
USDT-USD,-,1.0005449,0,0,3:32 PM UTC,60.94B,57.71B,80.79B,3/3/2022
BNB-USD,-,391.08878,-13.89,-0.0343,3:32 PM UTC,1.45B,2.08B,64.58B,3/3/2022
USDC-USD,-,0.999906,0,0,3:32 PM UTC,2.91B,"1,814.94B",52.95B,3/3/2022
XRP-USD,-,0.8028844,-0.01,-0.0174,3:32 PM UTC,1.67B,2.33B,38.64B,3/3/2022
LUNA1-USD,-,91.06286,-0.98,-0.0107,3:32 PM UTC,1.97B,2.60B,33.24B,3/3/2022
ADA-USD,-,0.8744868,-0.02,-0.0194,3:32 PM UTC,1.13B,1.52B,29.48B,3/3/2022
SOL-USD,-,89.284386,-4.25,-0.0454,3:32 PM UTC,1.51B,2.17B,28.60B,3/3/2022
AVAX-USD,-,86.549965,-3.01,-0.0336,3:32 PM UTC,1.49B,1.15B,23.10B,3/3/2022
HEX-USD,-,0.12132939,0,0.0031,3:32 PM UTC,15.87M,23.19M,21.04B,3/3/2022
DOT-USD,-,18.662716,-0.92,-0.047,3:32 PM UTC,763.42M,1.25B,18.43B,3/3/2022
BUSD-USD,-,0.99949336,0,-0.0017,3:31 PM UTC,5.39B,8.09B,17.80B,3/3/2022
DOGE-USD,-,0.11906427,-0.01,-0.0421,3:32 PM UTC,496.37M,849.84M,15.80B,3/3/2022
UST-USD,-,1.0030704,0,0.0004,3:31 PM UTC,353.41M,395.82M,15.40B,3/3/2022
SHIB-USD,-,2.29E-05,0,-0.0749,3:32 PM UTC,1.70B,1.27B,12.58B,3/3/2022
MATIC-USD,-,1.4730659,-0.06,-0.041,3:32 PM UTC,571.76M,1.40B,11.34B,3/3/2022
WBTC-USD,-,41406.594,-484.34,-0.0116,3:31 PM UTC,141.23M,222.16M,11.31B,3/3/2022
CRO-USD,-,0.40824935,-0.01,-0.0162,3:32 PM UTC,54.74M,162.66M,10.31B,3/3/2022
DAI-USD,-,0.9992133,0,-0.0006,3:32 PM UTC,183.45M,392.74M,9.95B,3/3/2022
ATOM-USD,-,27.824137,-1.1,-0.0379,3:32 PM UTC,488.22M,1.21B,7.97B,3/3/2022
LTC-USD,-,112.791725,-0.52,-0.0046,3:32 PM UTC,864.07M,935.39M,7.88B,3/3/2022
NEAR-USD,-,10.759372,-0.64,-0.0561,3:31 PM UTC,386.73M,777.38M,7.07B,3/3/2022
LINK-USD,-,14.6468,-0.64,-0.0417,3:32 PM UTC,561.71M,1.08B,6.84B,3/3/2022
UNI1-USD,-,9.298283,-0.58,-0.0588,3:32 PM UTC,214.35M,271.99M,6.39B,3/3/2022
WTRX-USD,-,0.06154035,0,-0.0045,3:31 PM UTC,910.31k,-,6.26B,3/3/2022
TRX-USD,-,0.061382025,0,-0.0096,3:32 PM UTC,850.91M,1.02B,6.24B,3/3/2022
BCH-USD,-,320.46704,7.45,0.0238,3:32 PM UTC,3.46B,4.47B,6.09B,3/3/2022
FTT-USD,-,43.89441,-1.19,-0.0264,3:32 PM UTC,77.48M,169.16M,6.03B,3/3/2022
STETH-USD,-,2846.027,-114.62,-0.0387,3:31 PM UTC,680.98k,8.64M,5.73B,3/3/2022
BTC-USD,-,41487.582,-472.77,-0.0113,8:10 PM UTC,20.03B,26.77B,787.81B,3/4/2022
ETH-USD,-,2879.9739,-65.28,-0.0222,8:09 PM UTC,12.78B,14.69B,345.71B,3/4/2022
USDT-USD,-,1.000578,0,0,8:09 PM UTC,58.27B,57.71B,80.79B,3/4/2022
BNB-USD,-,392.18127,-5.6,-0.0141,8:09 PM UTC,1.37B,2.08B,64.76B,3/4/2022
USDC-USD,-,1.0000803,0,0.0003,8:09 PM UTC,2.94B,"1,814.94B",52.94B,3/4/2022
XRP-USD,-,0.8080616,-0.01,-0.0156,8:09 PM UTC,1.58B,2.33B,38.89B,3/4/2022
LUNA1-USD,-,91.6913,-0.15,-0.0016,8:09 PM UTC,1.96B,2.60B,33.45B,3/4/2022
ADA-USD,-,0.8828785,-0.02,-0.0246,8:09 PM UTC,1.00B,1.52B,29.76B,3/4/2022
SOL-USD,-,89.67677,-2.48,-0.0269,8:09 PM UTC,1.35B,2.17B,28.73B,3/4/2022
AVAX-USD,-,87.31051,-3.11,-0.0344,8:09 PM UTC,1.47B,1.15B,23.30B,3/4/2022
HEX-USD,-,0.11967449,0,0.0199,8:09 PM UTC,14.16M,23.19M,20.75B,3/4/2022
DOT-USD,-,18.800674,-0.64,-0.0328,8:09 PM UTC,717.25M,1.25B,18.57B,3/4/2022
BUSD-USD,-,0.9993135,0,0.0003,8:09 PM UTC,5.23B,8.09B,17.79B,3/4/2022
DOGE-USD,-,0.119309194,0,-0.0278,8:09 PM UTC,456.55M,849.84M,15.83B,3/4/2022
UST-USD,-,1.0040029,0,0.0001,8:09 PM UTC,355.53M,395.82M,15.43B,3/4/2022
SHIB-USD,-,2.31E-05,0,-0.0304,8:09 PM UTC,1.29B,1.27B,12.69B,3/4/2022
MATIC-USD,-,1.4831116,-0.03,-0.0213,8:09 PM UTC,528.81M,1.40B,11.41B,3/4/2022
WBTC-USD,-,41388.434,-542.24,-0.0129,8:09 PM UTC,121.64M,222.16M,11.30B,3/4/2022
CRO-USD,-,0.40903652,-0.01,-0.0138,8:09 PM UTC,55.67M,162.66M,10.33B,3/4/2022
DAI-USD,-,0.99968606,0,0.0002,8:09 PM UTC,175.31M,392.74M,9.97B,3/4/2022
LTC-USD,-,115.86376,2.49,0.022,8:10 PM UTC,887.29M,935.39M,8.10B,3/4/2022
ATOM-USD,-,27.929003,-0.73,-0.0256,8:09 PM UTC,447.73M,1.21B,8.00B,3/4/2022
NEAR-USD,-,10.806781,-0.5,-0.0443,8:09 PM UTC,346.71M,777.38M,7.10B,3/4/2022
LINK-USD,-,14.662689,-0.4,-0.0267,8:09 PM UTC,530.55M,1.08B,6.85B,3/4/2022
UNI1-USD,-,9.316548,-0.41,-0.0422,8:09 PM UTC,200.05M,271.99M,6.41B,3/4/2022
TRX-USD,-,0.061455805,0,-0.0069,8:09 PM UTC,885.71M,1.02B,6.25B,3/4/2022
WTRX-USD,-,0.061242323,0,-0.0119,8:09 PM UTC,1.07M,-,6.23B,3/4/2022
FTT-USD,-,44.223873,-0.5,-0.0112,8:09 PM UTC,67.51M,169.16M,6.08B,3/4/2022
BCH-USD,-,319.496,-2.4,-0.0075,8:09 PM UTC,3.45B,4.47B,6.07B,3/4/2022
STETH-USD,-,2868.781,-92.47,-0.0312,8:09 PM UTC,567.60k,8.64M,5.78B,3/4/2022
BTC-USD,-,41900.133,949.89,0.0232,2:35 AM UTC,26.48B,26.72B,795.69B,3/5/2022
ETH-USD,-,2957.0898,103.91,0.0364,2:35 AM UTC,16.39B,14.66B,355.02B,3/5/2022
USDT-USD,-,1.0003905,0,0,2:35 AM UTC,67.30B,57.74B,80.79B,3/5/2022
BNB-USD,-,401.7528,13.94,0.0359,2:35 AM UTC,1.72B,2.08B,66.34B,3/5/2022
USDC-USD,-,0.999868,0,0.0003,2:35 AM UTC,3.53B,"1,835.52B",52.96B,3/5/2022
XRP-USD,-,0.8495606,0.05,0.0595,2:35 AM UTC,2.69B,2.29B,40.88B,3/5/2022
LUNA1-USD,-,95.13718,3.02,0.0327,2:35 AM UTC,2.93B,2.56B,34.56B,3/5/2022
ADA-USD,-,0.9230957,0.05,0.0586,2:35 AM UTC,1.29B,1.52B,31.12B,3/5/2022
SOL-USD,-,90.13257,2.51,0.0287,2:35 AM UTC,1.67B,2.17B,28.87B,3/5/2022
AVAX-USD,-,88.22217,4.36,0.052,2:35 AM UTC,2.15B,1.14B,23.58B,3/5/2022
HEX-USD,-,0.117667355,0,-0.0015,2:35 AM UTC,10.63M,22.61M,20.40B,3/5/2022
DOT-USD,-,19.104052,0.49,0.0262,2:35 AM UTC,769.56M,1.25B,18.87B,3/5/2022
BUSD-USD,-,1.0017121,0,0.0016,2:35 AM UTC,5.97B,8.14B,17.75B,3/5/2022
DOGE-USD,-,0.12102056,0,0.0156,2:35 AM UTC,465.42M,846.71M,16.06B,3/5/2022
UST-USD,-,1.0012884,0,-0.0016,2:35 AM UTC,535.54M,399.17M,15.54B,3/5/2022
SHIB-USD,-,2.34E-05,0,0.0394,2:35 AM UTC,737.88M,1.25B,12.83B,3/5/2022
MATIC-USD,-,1.4883866,0.03,0.0229,2:35 AM UTC,618.72M,1.35B,11.45B,3/5/2022
WBTC-USD,-,41761.7,677.18,0.0165,2:35 AM UTC,147.09M,220.84M,11.43B,3/5/2022
CRO-USD,-,0.41322646,0.01,0.0261,2:35 AM UTC,54.68M,160.13M,10.44B,3/5/2022
DAI-USD,-,0.9995237,0,0.0002,2:35 AM UTC,249.14M,388.49M,9.97B,3/5/2022
LTC-USD,-,118.652084,3.74,0.0326,2:35 AM UTC,874.26M,931.18M,8.29B,3/5/2022
ATOM-USD,-,28.005005,0.22,0.0079,2:35 AM UTC,553.66M,1.22B,8.02B,3/5/2022
NEAR-USD,-,11.138102,0.53,0.0499,2:35 AM UTC,498.96M,774.24M,7.33B,3/5/2022
LINK-USD,-,15.365491,0.93,0.0643,2:35 AM UTC,656.73M,1.08B,7.18B,3/5/2022
UNI1-USD,-,9.630323,0.33,0.035,2:35 AM UTC,241.00M,272.65M,6.62B,3/5/2022
BCH-USD,-,340.46002,16.08,0.0496,2:35 AM UTC,3.79B,4.45B,6.47B,3/5/2022
TRX-USD,-,0.06230212,0,0.0156,2:35 AM UTC,964.04M,1.01B,6.34B,3/5/2022
WTRX-USD,-,0.06210371,0,0.0102,2:35 AM UTC,735.47k,-,6.32B,3/5/2022
FTT-USD,-,45.37753,1.49,0.034,2:35 AM UTC,110.13M,169.28M,6.24B,3/5/2022
LEO-USD,-,6.2072015,0.11,0.0174,2:35 AM UTC,8.21M,6.40M,5.92B,3/5/2022
BTC-USD,-,42764.715,1539.18,0.0373,1:57 PM UTC,36.52B,26.70B,812.13B,3/6/2022
ETH-USD,-,2996.7024,76.06,0.026,1:57 PM UTC,19.09B,14.66B,359.80B,3/6/2022
USDT-USD,-,1.0003653,0,0,1:57 PM UTC,79.07B,57.82B,80.78B,3/6/2022
BNB-USD,-,407.3539,11.82,0.0299,1:57 PM UTC,1.96B,2.08B,67.26B,3/6/2022
USDC-USD,-,0.9998559,0,0,1:57 PM UTC,4.10B,"1,814.93B",53.03B,3/6/2022
XRP-USD,-,0.8440582,0.03,0.0373,1:57 PM UTC,2.87B,2.29B,40.62B,3/6/2022
LUNA1-USD,-,93.30738,-1.61,-0.0169,1:57 PM UTC,2.67B,2.57B,33.85B,3/6/2022
ADA-USD,-,0.9733164,0.07,0.0826,1:57 PM UTC,1.72B,1.52B,32.81B,3/6/2022
SOL-USD,-,91.59069,1.46,0.0162,1:57 PM UTC,1.82B,2.16B,29.34B,3/6/2022
AVAX-USD,-,85.980125,-4.5,-0.0497,1:57 PM UTC,2.11B,1.15B,22.98B,3/6/2022
HEX-USD,-,0.11662281,0,-0.0261,1:57 PM UTC,12.08M,22.48M,20.22B,3/6/2022
DOT-USD,-,19.845709,0.98,0.0521,1:57 PM UTC,1.11B,1.23B,19.60B,3/6/2022
BUSD-USD,-,1.0008035,0,-0.0002,1:57 PM UTC,6.36B,8.12B,17.73B,3/6/2022
DOGE-USD,-,0.1230728,0,0.0264,1:57 PM UTC,600.00M,842.13M,16.33B,3/6/2022
UST-USD,-,1.0021111,0,0,1:57 PM UTC,592.85M,400.52M,15.60B,3/6/2022
SHIB-USD,-,2.37E-05,0,0.0211,1:57 PM UTC,889.09M,1.25B,13.03B,3/6/2022
WBTC-USD,-,42724.68,1399.37,0.0339,1:57 PM UTC,191.79M,219.86M,11.69B,3/6/2022
MATIC-USD,-,1.5135472,0.03,0.0187,1:57 PM UTC,759.57M,1.34B,11.65B,3/6/2022
CRO-USD,-,0.4147109,0.01,0.0136,1:57 PM UTC,63.04M,158.92M,10.48B,3/6/2022
DAI-USD,-,0.99919385,0,-0.0006,1:57 PM UTC,329.66M,386.86M,9.96B,3/6/2022
LTC-USD,-,121.566956,6.22,0.0539,1:57 PM UTC,1.14B,930.08M,8.50B,3/6/2022
ATOM-USD,-,28.401178,0.36,0.013,1:57 PM UTC,685.20M,1.21B,8.13B,3/6/2022
NEAR-USD,-,11.284784,0.14,0.0121,1:57 PM UTC,553.43M,770.71M,7.43B,3/6/2022
LINK-USD,-,15.626791,0.49,0.0322,1:57 PM UTC,789.54M,1.08B,7.30B,3/6/2022
BCH-USD,-,372.0967,40.77,0.1231,1:57 PM UTC,4.33B,4.45B,7.08B,3/6/2022
UNI1-USD,-,9.911957,0.39,0.0411,1:57 PM UTC,303.48M,272.17M,6.83B,3/6/2022
WTRX-USD,-,0.06330174,0,0.0263,1:57 PM UTC,1.09M,-,6.44B,3/6/2022
TRX-USD,-,0.06322283,0,0.0261,1:57 PM UTC,1.08B,1.01B,6.43B,3/6/2022
FTT-USD,-,45.794094,1.16,0.026,1:57 PM UTC,143.56M,168.53M,6.29B,3/6/2022
STETH-USD,-,2990.0645,69.57,0.0238,1:57 PM UTC,851.49k,8.27M,6.02B,3/6/2022
BTC-USD,-,42497.156,618.56,0.0148,2:31 AM UTC,31.96B,26.68B,807.07B,3/7/2022
ETH-USD,-,2984.813,30,0.0102,2:31 AM UTC,16.78B,14.63B,358.39B,3/7/2022
USDT-USD,-,1.0003572,0,-0.0001,2:31 AM UTC,72.08B,57.69B,80.85B,3/7/2022
BNB-USD,-,405.5483,3.78,0.0094,2:31 AM UTC,1.75B,2.08B,66.96B,3/7/2022
USDC-USD,-,1.0000277,0,0.0001,2:31 AM UTC,3.99B,"1,835.51B",52.69B,3/7/2022
XRP-USD,-,0.83613884,-0.01,-0.0162,2:31 AM UTC,2.35B,2.27B,40.24B,3/7/2022
LUNA1-USD,-,93.51694,-1.5,-0.0158,2:31 AM UTC,1.90B,2.55B,33.86B,3/7/2022
ADA-USD,-,0.98643744,0.06,0.0694,2:31 AM UTC,1.91B,1.51B,33.26B,3/7/2022
SOL-USD,-,91.144936,1.19,0.0132,2:31 AM UTC,1.89B,2.16B,29.21B,3/7/2022
AVAX-USD,-,84.79695,-3.15,-0.0358,2:31 AM UTC,1.74B,1.15B,22.66B,3/7/2022
HEX-USD,-,0.11691751,0,-0.0073,2:31 AM UTC,11.49M,22.44M,20.27B,3/7/2022
DOT-USD,-,20.439823,1.34,0.0703,2:31 AM UTC,1.28B,1.23B,20.19B,3/7/2022
BUSD-USD,-,0.9994517,0,-0.0019,2:31 AM UTC,5.75B,8.15B,17.67B,3/7/2022
DOGE-USD,-,0.12289798,0,0.0157,2:31 AM UTC,605.56M,838.24M,16.30B,3/7/2022
UST-USD,-,1.0024607,0,-0.0005,2:31 AM UTC,517.32M,403.02M,15.67B,3/7/2022
SHIB-USD,-,2.35E-05,0,0.0084,2:31 AM UTC,978.75M,1.24B,12.92B,3/7/2022
MATIC-USD,-,1.5181162,0.03,0.0207,2:31 AM UTC,718.83M,1.32B,11.68B,3/7/2022
WBTC-USD,-,42473.89,737.05,0.0177,2:31 AM UTC,177.14M,219.95M,11.62B,3/7/2022
CRO-USD,-,0.4175178,0,0.011,2:31 AM UTC,76.78M,156.21M,10.55B,3/7/2022
DAI-USD,-,0.999441,0,-0.0005,2:31 AM UTC,321.18M,384.92M,9.93B,3/7/2022
LTC-USD,-,122.25137,3.62,0.0305,2:31 AM UTC,1.12B,925.46M,8.55B,3/7/2022
ATOM-USD,-,28.097395,0.12,0.0044,2:31 AM UTC,749.29M,1.22B,8.05B,3/7/2022
NEAR-USD,-,11.19729,0.06,0.0056,2:31 AM UTC,476.31M,754.35M,7.38B,3/7/2022
LINK-USD,-,15.416578,0.08,0.0051,2:31 AM UTC,699.25M,1.08B,7.20B,3/7/2022
BCH-USD,-,363.78537,23.62,0.0694,2:31 AM UTC,4.63B,4.44B,6.92B,3/7/2022
UNI1-USD,-,9.869379,0.25,0.0261,2:31 AM UTC,281.34M,269.72M,6.80B,3/7/2022
TRX-USD,-,0.064378165,0,0.0336,2:31 AM UTC,1.05B,1.01B,6.55B,3/7/2022
WTRX-USD,-,0.064180635,0,0.0334,2:31 AM UTC,1.56M,-,6.53B,3/7/2022
ETC-USD,-,47.060577,8.06,0.2068,2:31 AM UTC,3.44B,509.78M,6.29B,3/7/2022
FTT-USD,-,45.442303,0.09,0.002,2:31 AM UTC,132.46M,169.24M,6.24B,3/7/2022
BTC-USD,-,42936.348,569.77,0.0134,3:03 AM UTC,26.38B,26.77B,815.45B,3/8/2022
ETH-USD,-,3031.4646,52.41,0.0176,3:03 AM UTC,17.13B,14.67B,364.04B,3/8/2022
USDT-USD,-,1.0003688,0,0,3:03 AM UTC,71.18B,57.81B,80.91B,3/8/2022
BNB-USD,-,409.43002,5.54,0.0137,3:03 AM UTC,1.72B,2.08B,67.60B,3/8/2022
USDC-USD,-,1.0000324,0,0,3:03 AM UTC,3.80B,"1,835.52B",52.45B,3/8/2022
XRP-USD,-,0.83155334,0,-0.0011,3:03 AM UTC,2.07B,2.26B,40.02B,3/8/2022
ADA-USD,-,1.1060246,0.13,0.1329,3:03 AM UTC,3.60B,1.51B,37.29B,3/8/2022
LUNA1-USD,-,95.22339,1.75,0.0188,3:03 AM UTC,1.78B,2.53B,34.41B,3/8/2022
SOL-USD,-,95.49706,4.61,0.0507,3:03 AM UTC,2.31B,2.16B,30.82B,3/8/2022
AVAX-USD,-,84.861725,0.37,0.0044,3:03 AM UTC,1.49B,1.16B,22.68B,3/8/2022
HEX-USD,-,0.12040976,0,0.0364,3:03 AM UTC,12.23M,22.22M,20.88B,3/8/2022
DOT-USD,-,21.017628,0.44,0.0212,3:03 AM UTC,1.30B,1.23B,20.76B,3/8/2022
DOGE-USD,-,0.1355551,0.01,0.1068,3:03 AM UTC,1.42B,824.12M,17.98B,3/8/2022
BUSD-USD,-,1.0004997,0,0.0006,3:03 AM UTC,5.77B,8.17B,17.67B,3/8/2022
UST-USD,-,1.0037197,0,0.0015,3:03 AM UTC,466.39M,406.23M,15.77B,3/8/2022
SHIB-USD,-,2.46E-05,0,0.0501,3:03 AM UTC,1.36B,1.23B,13.50B,3/8/2022
MATIC-USD,-,1.5621285,0.05,0.0311,3:03 AM UTC,772.99M,1.30B,12.02B,3/8/2022
WBTC-USD,-,42878.17,483.59,0.0114,3:03 AM UTC,172.26M,220.31M,11.76B,3/8/2022
CRO-USD,-,0.4359098,0.02,0.0474,3:03 AM UTC,96.80M,149.40M,11.01B,3/8/2022
DAI-USD,-,0.99976945,0,0.0004,3:03 AM UTC,284.89M,383.94M,9.89B,3/8/2022
LTC-USD,-,121.94696,0.52,0.0043,3:03 AM UTC,840.04M,925.89M,8.53B,3/8/2022
ATOM-USD,-,28.340445,0.38,0.0135,3:03 AM UTC,740.47M,1.22B,8.12B,3/8/2022
NEAR-USD,-,12.032508,0.9,0.081,3:03 AM UTC,1.10B,736.22M,7.94B,3/8/2022
LINK-USD,-,15.74876,0.35,0.0227,3:03 AM UTC,640.19M,1.08B,7.35B,3/8/2022
UNI1-USD,-,10.099741,0.23,0.0236,3:03 AM UTC,233.45M,269.21M,6.96B,3/8/2022
BCH-USD,-,358.238,-1.89,-0.0052,3:03 AM UTC,3.66B,4.43B,6.81B,3/8/2022
TRX-USD,-,0.06417692,0,0.0008,3:03 AM UTC,866.15M,1.01B,6.53B,3/8/2022
WTRX-USD,-,0.06404334,0,-0.0019,3:03 AM UTC,1.32M,-,6.51B,3/8/2022
FTT-USD,-,46.19709,0.9,0.02,3:03 AM UTC,119.74M,169.45M,6.35B,3/8/2022
STETH-USD,-,3016.2722,42.68,0.0144,3:03 AM UTC,412.37k,8.25M,6.08B,3/8/2022
BTC-USD,-,42987.023,767.11,0.0182,2:30 PM UTC,29.71B,26.75B,816.43B,3/9/2022
ETH-USD,-,3026.9597,47.23,0.0159,2:30 PM UTC,18.13B,14.69B,363.51B,3/9/2022
USDT-USD,-,1.0004941,0,0.0001,2:30 PM UTC,78.53B,57.93B,80.92B,3/9/2022
BNB-USD,-,407.55096,2.81,0.0069,2:30 PM UTC,1.80B,2.08B,67.29B,3/9/2022
USDC-USD,-,0.9995139,0,-0.0007,2:30 PM UTC,4.35B,"1,814.93B",52.41B,3/9/2022
XRP-USD,-,0.83352965,0,0.003,2:30 PM UTC,2.21B,2.25B,40.11B,3/9/2022
ADA-USD,-,1.1683552,0.1,0.0987,2:30 PM UTC,4.08B,1.54B,39.39B,3/9/2022
LUNA1-USD,-,92.222565,-3.11,-0.0326,2:30 PM UTC,1.95B,2.52B,33.23B,3/9/2022
SOL-USD,-,100.26909,6.98,0.0748,2:30 PM UTC,3.48B,2.16B,32.36B,3/9/2022
HEX-USD,-,0.13686809,0.02,0.166,2:30 PM UTC,17.37M,22.11M,23.73B,3/9/2022
AVAX-USD,-,85.24429,-0.26,-0.003,2:30 PM UTC,1.55B,1.16B,22.78B,3/9/2022
DOT-USD,-,20.553122,-0.05,-0.0026,2:30 PM UTC,1.23B,1.23B,20.30B,3/9/2022
DOGE-USD,-,0.13449173,0.01,0.0975,2:30 PM UTC,2.35B,826.08M,17.84B,3/9/2022
BUSD-USD,-,0.9989417,0,-0.0022,2:29 PM UTC,6.40B,8.14B,17.64B,3/9/2022
UST-USD,-,1.0035899,0,0.001,2:29 PM UTC,437.84M,406.89M,15.86B,3/9/2022
SHIB-USD,-,2.45E-05,0,0.0322,2:30 PM UTC,1.72B,1.23B,13.43B,3/9/2022
MATIC-USD,-,1.6201034,0.09,0.0572,2:30 PM UTC,963.51M,1.29B,12.48B,3/9/2022
WBTC-USD,-,42955.805,760.75,0.018,2:29 PM UTC,183.62M,219.67M,11.78B,3/9/2022
CRO-USD,-,0.43618622,0.01,0.0294,2:30 PM UTC,80.51M,148.76M,11.02B,3/9/2022
DAI-USD,-,0.9992419,0,-0.0003,2:30 PM UTC,314.22M,382.68M,9.80B,3/9/2022
LTC-USD,-,121.08957,0.01,0,2:30 PM UTC,834.90M,925.29M,8.47B,3/9/2022
ATOM-USD,-,28.284513,0.48,0.0171,2:30 PM UTC,752.13M,1.21B,8.10B,3/9/2022
NEAR-USD,-,12.158917,0.93,0.0827,2:29 PM UTC,1.26B,739.24M,8.03B,3/9/2022
LINK-USD,-,15.960324,0.38,0.0246,2:30 PM UTC,758.44M,1.07B,7.45B,3/9/2022
UNI1-USD,-,10.230026,0.33,0.0335,2:30 PM UTC,288.84M,268.71M,7.05B,3/9/2022
BCH-USD,-,355.24887,-9.92,-0.0272,2:30 PM UTC,3.62B,4.42B,6.76B,3/9/2022
TRX-USD,-,0.06479821,0,0.0066,2:30 PM UTC,958.95M,1.01B,6.59B,3/9/2022
WTRX-USD,-,0.06475877,0,0.0085,2:29 PM UTC,1.61M,-,6.59B,3/9/2022
FTT-USD,-,46.772976,1.54,0.0341,2:30 PM UTC,161.03M,168.90M,6.43B,3/9/2022
STETH-USD,-,3011.5916,43.32,0.0146,2:29 PM UTC,364.81k,8.16M,6.07B,3/9/2022
BTC-USD,-,44109.19,1291.11,0.0302,2:03 AM UTC,30.63B,26.84B,837.76B,3/10/2022
ETH-USD,-,3122.5742,96.05,0.0317,2:03 AM UTC,16.88B,14.73B,375.02B,3/10/2022
USDT-USD,-,1.0005038,0,0.0001,2:03 AM UTC,75.65B,58.04B,81.00B,3/10/2022
BNB-USD,-,414.5178,6.13,0.015,2:03 AM UTC,1.78B,2.09B,68.44B,3/10/2022
USDC-USD,-,0.99957055,0,-0.0005,2:03 AM UTC,4.68B,"1,835.53B",52.46B,3/10/2022
XRP-USD,-,0.8412046,0.01,0.0084,2:03 AM UTC,2.22B,2.26B,40.48B,3/10/2022
ADA-USD,-,1.1232351,0.02,0.0172,2:03 AM UTC,3.50B,1.54B,37.87B,3/10/2022
LUNA1-USD,-,93.77756,-1.26,-0.0133,2:03 AM UTC,1.92B,2.52B,33.75B,3/10/2022
SOL-USD,-,103.23668,8.84,0.0936,2:03 AM UTC,3.56B,2.16B,33.32B,3/10/2022
HEX-USD,-,0.13795054,0.02,0.1444,2:03 AM UTC,22.80M,22.11M,23.92B,3/10/2022
AVAX-USD,-,87.2349,2.66,0.0314,2:03 AM UTC,1.49B,1.17B,23.31B,3/10/2022
DOT-USD,-,21.301025,0.43,0.0207,2:03 AM UTC,1.16B,1.24B,21.04B,3/10/2022
DOGE-USD,-,0.13692169,0.01,0.0385,2:03 AM UTC,1.85B,823.99M,18.17B,3/10/2022
BUSD-USD,-,1.0005631,0,0.0017,2:03 AM UTC,6.47B,8.20B,17.64B,3/10/2022
UST-USD,-,0.999811,0,-0.0032,2:03 AM UTC,579.44M,409.86M,15.85B,3/10/2022
SHIB-USD,-,2.47E-05,0,0.0141,2:03 AM UTC,1.28B,1.23B,13.55B,3/10/2022
MATIC-USD,-,1.632902,0.08,0.0522,2:03 AM UTC,945.69M,1.29B,12.58B,3/10/2022
WBTC-USD,-,44115.93,1309.28,0.0306,2:03 AM UTC,175.76M,220.80M,12.10B,3/10/2022
CRO-USD,-,0.44905773,0.01,0.0342,2:03 AM UTC,80.73M,146.28M,11.34B,3/10/2022
DAI-USD,-,0.99926275,0,-0.0005,2:03 AM UTC,356.79M,383.47M,9.73B,3/10/2022
LTC-USD,-,125.89794,4.52,0.0373,2:03 AM UTC,977.22M,924.90M,8.80B,3/10/2022
ATOM-USD,-,29.560774,1.37,0.0488,2:03 AM UTC,992.98M,1.22B,8.47B,3/10/2022
NEAR-USD,-,12.645702,0.55,0.0459,2:03 AM UTC,865.61M,733.92M,8.35B,3/10/2022
LINK-USD,-,16.025686,0.24,0.015,2:03 AM UTC,770.71M,1.08B,7.48B,3/10/2022
UNI1-USD,-,10.72615,0.69,0.069,2:03 AM UTC,314.90M,269.36M,7.39B,3/10/2022
BCH-USD,-,364.2786,6.81,0.0191,2:03 AM UTC,4.20B,4.42B,6.93B,3/10/2022
FTT-USD,-,49.832066,3.76,0.0817,2:03 AM UTC,255.41M,170.06M,6.85B,3/10/2022
WTRX-USD,-,0.06571197,0,0.026,2:03 AM UTC,1.39M,-,6.68B,3/10/2022
TRX-USD,-,0.06569739,0,0.0266,2:03 AM UTC,921.58M,1.01B,6.68B,3/10/2022
ETC-USD,-,46.714718,2.61,0.0592,2:03 AM UTC,3.41B,569.72M,6.25B,3/10/2022
BTC-USD,-,44912.125,1916.96,0.0446,2:37 PM UTC,35.39B,26.88B,853.04B,3/11/2022
ETH-USD,-,3174.2385,143.67,0.0474,2:36 PM UTC,18.45B,14.77B,381.25B,3/11/2022
USDT-USD,-,1.0005146,0,0,2:36 PM UTC,80.20B,58.26B,81.00B,3/11/2022
BNB-USD,-,419.12686,11.73,0.0288,2:36 PM UTC,1.88B,2.08B,69.20B,3/11/2022
USDC-USD,-,0.9999976,0,0.0002,2:36 PM UTC,4.54B,"1,814.96B",52.52B,3/11/2022
XRP-USD,-,0.8410561,0.01,0.0085,2:37 PM UTC,2.00B,2.26B,40.47B,3/11/2022
ADA-USD,-,1.1295643,-0.04,-0.0346,2:36 PM UTC,3.01B,1.57B,38.09B,3/11/2022
LUNA1-USD,-,94.008835,1.56,0.0169,2:36 PM UTC,1.82B,2.51B,33.76B,3/11/2022
SOL-USD,-,102.88256,2.5,0.0249,2:36 PM UTC,2.90B,2.18B,33.22B,3/11/2022
HEX-USD,-,0.1460355,0.01,0.0669,2:36 PM UTC,21.80M,22.11M,25.32B,3/11/2022
AVAX-USD,-,86.33372,1.02,0.0119,2:36 PM UTC,1.50B,1.17B,23.07B,3/11/2022
DOT-USD,-,21.060633,0.48,0.0235,2:36 PM UTC,1.20B,1.24B,20.80B,3/11/2022
DOGE-USD,-,0.13550448,0,0.0079,2:37 PM UTC,1.07B,837.40M,17.98B,3/11/2022
BUSD-USD,-,1.0002275,0,-0.0003,2:35 PM UTC,6.72B,8.18B,17.66B,3/11/2022
UST-USD,-,1.0013368,0,-0.0022,2:35 PM UTC,613.75M,411.69M,15.94B,3/11/2022
SHIB-USD,-,2.50E-05,0,0.0238,2:36 PM UTC,1.14B,1.23B,13.73B,3/11/2022
MATIC-USD,-,1.6494945,0.03,0.0164,2:36 PM UTC,914.90M,1.29B,12.70B,3/11/2022
WBTC-USD,-,44826.066,1859.22,0.0433,2:35 PM UTC,197.38M,220.49M,12.30B,3/11/2022
CRO-USD,-,0.46511373,0.03,0.0654,2:36 PM UTC,93.70M,145.59M,11.75B,3/11/2022
DAI-USD,-,0.9994492,0,-0.0001,2:36 PM UTC,432.27M,383.36M,9.70B,3/11/2022
LTC-USD,-,126.45053,5.28,0.0436,2:37 PM UTC,996.59M,925.84M,8.84B,3/11/2022
ATOM-USD,-,29.399935,1.11,0.0391,2:36 PM UTC,979.34M,1.22B,8.42B,3/11/2022
NEAR-USD,-,12.567682,0.41,0.0338,2:35 PM UTC,860.65M,735.91M,8.30B,3/11/2022
LINK-USD,-,16.308268,0.35,0.0222,2:36 PM UTC,743.96M,1.07B,7.62B,3/11/2022
UNI1-USD,-,11.013656,0.78,0.0759,2:36 PM UTC,337.88M,269.82M,7.59B,3/11/2022
FTT-USD,-,51.151314,4.35,0.093,2:36 PM UTC,333.51M,170.78M,7.03B,3/11/2022
BCH-USD,-,362.81308,7.63,0.0215,2:36 PM UTC,4.72B,4.41B,6.90B,3/11/2022
WTRX-USD,-,0.06586191,0,0.0166,2:35 PM UTC,1.05M,-,6.70B,3/11/2022
TRX-USD,-,0.06578251,0,0.0145,2:36 PM UTC,903.34M,1.01B,6.69B,3/11/2022
ETC-USD,-,48.125957,4.46,0.1021,2:36 PM UTC,3.90B,601.63M,6.44B,3/11/2022
BTC-USD,-,44210.332,-687.5,-0.0153,2:53 PM UTC,22.36B,26.99B,839.75B,3/12/2022
ETH-USD,-,3112.2097,-65.83,-0.0207,2:53 PM UTC,12.20B,14.83B,373.84B,3/12/2022
USDT-USD,-,1.0004286,0,-0.0001,2:53 PM UTC,50.13B,58.42B,81.35B,3/12/2022
BNB-USD,-,412.24017,-7.53,-0.0179,2:53 PM UTC,1.32B,2.08B,68.07B,3/12/2022
USDC-USD,-,0.9998311,0,0,2:53 PM UTC,3.09B,"1,814.98B",51.91B,3/12/2022
XRP-USD,-,0.82752377,-0.01,-0.0145,2:53 PM UTC,1.32B,2.26B,39.82B,3/12/2022
ADA-USD,-,1.119739,-0.01,-0.0061,2:53 PM UTC,1.80B,1.58B,37.76B,3/12/2022
SOL-USD,-,99.95525,-2.93,-0.0285,2:53 PM UTC,1.61B,2.18B,32.48B,3/12/2022
LUNA1-USD,-,89.92005,-4.39,-0.0466,2:53 PM UTC,1.34B,2.50B,32.17B,3/12/2022
HEX-USD,-,0.14031407,-0.01,-0.0373,2:53 PM UTC,12.79M,22.03M,24.33B,3/12/2022
AVAX-USD,-,85.04704,-1.38,-0.016,2:53 PM UTC,864.91M,1.17B,22.73B,3/12/2022
DOT-USD,-,20.751097,-0.33,-0.0158,2:53 PM UTC,699.16M,1.24B,20.49B,3/12/2022
BUSD-USD,-,0.9991076,0,-0.0012,2:53 PM UTC,3.64B,8.20B,17.55B,3/12/2022
DOGE-USD,-,0.13227673,0,-0.0237,2:53 PM UTC,696.85M,840.01M,17.55B,3/12/2022
UST-USD,-,1.0009935,0,-0.0005,2:53 PM UTC,340.70M,415.98M,16.07B,3/12/2022
SHIB-USD,-,2.42E-05,0,-0.0324,2:53 PM UTC,629.59M,1.23B,13.30B,3/12/2022
MATIC-USD,-,1.5829929,-0.07,-0.0411,2:53 PM UTC,571.19M,1.26B,12.19B,3/12/2022
WBTC-USD,-,44241.46,-611.88,-0.0136,2:53 PM UTC,128.44M,220.64M,12.14B,3/12/2022
CRO-USD,-,0.45094332,-0.01,-0.0308,2:53 PM UTC,69.63M,142.85M,11.39B,3/12/2022
DAI-USD,-,0.999456,0,-0.0002,2:53 PM UTC,230.94M,383.82M,9.68B,3/12/2022
LTC-USD,-,123.04252,-3.56,-0.0281,2:53 PM UTC,665.13M,921.05M,8.60B,3/12/2022
NEAR-USD,-,12.97708,0.36,0.0284,2:53 PM UTC,830.90M,732.07M,8.57B,3/12/2022
ATOM-USD,-,28.536997,-1.01,-0.0341,2:53 PM UTC,577.58M,1.22B,8.17B,3/12/2022
LINK-USD,-,15.587791,-0.71,-0.0438,2:53 PM UTC,531.28M,1.07B,7.28B,3/12/2022
UNI1-USD,-,10.522569,-0.48,-0.044,2:53 PM UTC,183.23M,269.18M,7.25B,3/12/2022
BCH-USD,-,360.78903,-2.69,-0.0074,2:53 PM UTC,4.67B,4.41B,6.86B,3/12/2022
FTT-USD,-,49.704582,-1.47,-0.0288,2:53 PM UTC,146.33M,172.57M,6.83B,3/12/2022
WTRX-USD,-,0.06488295,0,-0.0146,2:53 PM UTC,1.18M,-,6.60B,3/12/2022
TRX-USD,-,0.064755656,0,-0.0154,2:53 PM UTC,825.17M,1.00B,6.59B,3/12/2022
ETC-USD,-,47.002197,-1.49,-0.0307,2:53 PM UTC,1.61B,624.91M,6.29B,3/12/2022
BTC-USD,-,44742.695,304.92,0.0069,4:10 AM UTC,17.66B,27.02B,849.89B,3/13/2022
ETH-USD,-,3147.4158,37.18,0.012,4:09 AM UTC,9.12B,14.87B,378.09B,3/13/2022
USDT-USD,-,1.0005634,0,0.0001,4:09 AM UTC,41.24B,58.46B,81.38B,3/13/2022
BNB-USD,-,416.53857,5.95,0.0145,4:09 AM UTC,1.10B,2.08B,68.78B,3/13/2022
USDC-USD,-,1.0001335,0,0,4:09 AM UTC,2.33B,"1,835.57B",51.98B,3/13/2022
XRP-USD,-,0.8359938,0.01,0.0108,4:09 AM UTC,1.16B,2.27B,40.23B,3/13/2022
ADA-USD,-,1.1440846,0.04,0.0334,4:09 AM UTC,1.37B,1.58B,38.59B,3/13/2022
SOL-USD,-,101.87982,2.78,0.0281,4:09 AM UTC,1.26B,2.19B,33.10B,3/13/2022
LUNA1-USD,-,91.13353,1.45,0.0162,4:09 AM UTC,981.04M,2.50B,32.54B,3/13/2022
HEX-USD,-,0.14964788,0.01,0.0567,4:09 AM UTC,15.30M,21.98M,25.95B,3/13/2022
AVAX-USD,-,86.07158,2.28,0.0272,4:09 AM UTC,672.48M,1.18B,23.00B,3/13/2022
DOT-USD,-,21.026432,0.53,0.0256,4:09 AM UTC,538.12M,1.22B,20.77B,3/13/2022
DOGE-USD,-,0.14174135,0.01,0.0781,4:09 AM UTC,800.31M,841.97M,18.80B,3/13/2022
BUSD-USD,-,1.0008435,0,0.0024,4:09 AM UTC,2.77B,8.24B,17.58B,3/13/2022
UST-USD,-,1.0018944,0,0.001,4:09 AM UTC,253.91M,419.15M,16.15B,3/13/2022
SHIB-USD,-,2.48E-05,0,0.023,4:09 AM UTC,497.77M,1.23B,13.59B,3/13/2022
MATIC-USD,-,1.6190206,0.04,0.0224,4:09 AM UTC,455.80M,1.25B,12.47B,3/13/2022
WBTC-USD,-,44683.523,305.8,0.0069,4:09 AM UTC,126.53M,221.80M,12.26B,3/13/2022
CRO-USD,-,0.4609297,0.01,0.0126,4:09 AM UTC,57.51M,141.59M,11.64B,3/13/2022
DAI-USD,-,0.99965686,0,0.0001,4:09 AM UTC,161.05M,384.56M,9.67B,3/13/2022
LTC-USD,-,126.49787,2.23,0.0179,4:10 AM UTC,588.12M,919.49M,8.85B,3/13/2022
NEAR-USD,-,12.875014,-0.08,-0.0059,4:09 AM UTC,764.16M,731.58M,8.51B,3/13/2022
ATOM-USD,-,28.998072,0.64,0.0225,4:09 AM UTC,392.14M,1.22B,8.30B,3/13/2022
LINK-USD,-,16.034842,0.33,0.0211,4:09 AM UTC,438.52M,1.07B,7.49B,3/13/2022
UNI1-USD,-,10.729426,0.16,0.0155,4:09 AM UTC,155.94M,267.45M,7.39B,3/13/2022
FTT-USD,-,50.229446,0.18,0.0036,4:09 AM UTC,94.68M,173.27M,6.90B,3/13/2022
BCH-USD,-,362.5546,0.79,0.0022,4:09 AM UTC,4.46B,4.39B,6.90B,3/13/2022
TRX-USD,-,0.06689756,0,0.0428,4:09 AM UTC,1.06B,1.00B,6.80B,3/13/2022
WTRX-USD,-,0.06676808,0,0.0416,4:09 AM UTC,903.37k,-,6.79B,3/13/2022
STETH-USD,-,3137.3923,35.42,0.0114,4:09 AM UTC,289.30k,8.07M,6.32B,3/13/2022
BTC-USD,-,46877.34,2094.02,0.0468,2:39 AM UTC,30.55B,26.83B,890.47B,3/14/2022
ETH-USD,-,3298.628,139.63,0.0442,2:39 AM UTC,14.70B,14.78B,396.30B,3/14/2022
USDT-USD,-,1.0003899,0,0,2:39 AM UTC,63.62B,58.06B,81.41B,3/14/2022
BNB-USD,-,429.60065,11.96,0.0286,2:39 AM UTC,1.59B,2.06B,70.93B,3/14/2022
USDC-USD,-,0.9999723,0,0,2:39 AM UTC,3.40B,"1,835.55B",52.09B,3/14/2022
XRP-USD,-,0.86571753,0.03,0.0336,2:39 AM UTC,1.62B,2.25B,41.66B,3/14/2022
ADA-USD,-,1.1697594,0.02,0.018,2:39 AM UTC,1.41B,1.57B,39.45B,3/14/2022
SOL-USD,-,106.00625,3.5,0.0341,2:39 AM UTC,1.71B,2.17B,34.46B,3/14/2022
LUNA1-USD,-,93.61027,2.19,0.024,2:39 AM UTC,1.14B,2.47B,33.36B,3/14/2022
HEX-USD,-,0.15589994,0.01,0.0449,2:39 AM UTC,15.64M,21.79M,27.03B,3/14/2022
AVAX-USD,-,89.851364,3.43,0.0396,2:39 AM UTC,832.72M,1.17B,24.01B,3/14/2022
DOT-USD,-,22.487429,1.46,0.0697,2:39 AM UTC,862.76M,1.20B,22.21B,3/14/2022
DOGE-USD,-,0.14739445,0.01,0.073,2:39 AM UTC,1.54B,838.07M,19.55B,3/14/2022
BUSD-USD,-,0.99867946,0,-0.0011,2:39 AM UTC,4.06B,8.22B,17.54B,3/14/2022
UST-USD,-,0.9999687,0,-0.0016,2:39 AM UTC,379.13M,420.36M,16.19B,3/14/2022
SHIB-USD,-,2.59E-05,0,0.0513,2:39 AM UTC,935.72M,1.21B,14.22B,3/14/2022
MATIC-USD,-,1.6914263,0.07,0.0425,2:39 AM UTC,641.05M,1.23B,13.03B,3/14/2022
WBTC-USD,-,46878.59,2086.68,0.0466,2:39 AM UTC,234.94M,220.30M,12.86B,3/14/2022
CRO-USD,-,0.4826317,0.02,0.0471,2:39 AM UTC,93.95M,138.35M,12.19B,3/14/2022
DAI-USD,-,1.000227,0,0.0005,2:39 AM UTC,243.04M,379.73M,9.68B,3/14/2022
LTC-USD,-,129.6096,4.38,0.035,2:39 AM UTC,784.91M,910.92M,9.06B,3/14/2022
NEAR-USD,-,13.18742,0.23,0.0174,2:39 AM UTC,490.68M,729.52M,8.72B,3/14/2022
ATOM-USD,-,30.450737,1.48,0.0512,2:39 AM UTC,594.73M,1.22B,8.72B,3/14/2022
UNI1-USD,-,11.498253,0.78,0.0723,2:39 AM UTC,269.44M,262.25M,7.92B,3/14/2022
LINK-USD,-,16.668596,0.64,0.0398,2:39 AM UTC,632.76M,1.06B,7.78B,3/14/2022
FTT-USD,-,51.963284,1.63,0.0324,2:39 AM UTC,129.33M,172.58M,7.14B,3/14/2022
BCH-USD,-,370.18,7.73,0.0213,2:39 AM UTC,4.58B,4.38B,7.04B,3/14/2022
TRX-USD,-,0.069041654,0,0.0329,2:39 AM UTC,1.31B,998.95M,7.02B,3/14/2022
WTRX-USD,-,0.0688846,0,0.0322,2:39 AM UTC,1.99M,-,7.01B,3/14/2022
STETH-USD,-,3288.7908,134.77,0.0427,2:39 AM UTC,651.23k,8.00M,6.62B,3/14/2022
BTC-USD,-,47958.883,3082.82,0.0687,6:55 PM UTC,38.32B,26.85B,911.05B,3/15/2022
ETH-USD,-,3412.5908,232.65,0.0732,6:55 PM UTC,21.21B,14.76B,410.02B,3/15/2022
USDT-USD,-,1.0004435,0,0,6:55 PM UTC,86.24B,58.07B,81.41B,3/15/2022
BNB-USD,-,439.95905,22.95,0.055,6:55 PM UTC,2.26B,2.06B,72.64B,3/15/2022
USDC-USD,-,1.0000796,0,0.0002,6:55 PM UTC,4.83B,"1,814.96B",52.05B,3/15/2022
XRP-USD,-,0.9042688,0.06,0.0767,6:55 PM UTC,2.96B,2.25B,43.51B,3/15/2022
ADA-USD,-,1.2248316,0.09,0.0823,6:55 PM UTC,2.28B,1.56B,41.31B,3/15/2022
SOL-USD,-,112.761,10.12,0.0986,6:55 PM UTC,2.98B,2.16B,36.66B,3/15/2022
LUNA1-USD,-,100.95351,10.43,0.1152,6:55 PM UTC,2.59B,2.45B,35.92B,3/15/2022
HEX-USD,-,0.16190323,0.01,0.0565,6:55 PM UTC,17.62M,21.71M,28.08B,3/15/2022
AVAX-USD,-,95.1324,9.43,0.11,6:55 PM UTC,1.67B,1.16B,25.42B,3/15/2022
DOT-USD,-,22.908068,1.6,0.075,6:55 PM UTC,1.28B,1.20B,22.62B,3/15/2022
DOGE-USD,-,0.151549,0.01,0.0772,6:55 PM UTC,1.51B,844.89M,20.11B,3/15/2022
BUSD-USD,-,0.9985728,0,-0.002,6:55 PM UTC,6.05B,8.17B,17.54B,3/15/2022
UST-USD,-,0.99937874,0,-0.0009,6:55 PM UTC,630.00M,419.70M,16.23B,3/15/2022
SHIB-USD,-,2.91E-05,0,0.181,6:55 PM UTC,3.23B,1.21B,15.98B,3/15/2022
MATIC-USD,-,1.7414128,0.09,0.0569,6:55 PM UTC,860.21M,1.22B,13.41B,3/15/2022
WBTC-USD,-,47920.617,3028.26,0.0675,6:55 PM UTC,320.14M,220.22M,13.15B,3/15/2022
CRO-USD,-,0.49973437,0.03,0.0717,6:55 PM UTC,164.61M,137.79M,12.62B,3/15/2022
DAI-USD,-,1.000313,0,0.0007,6:55 PM UTC,382.71M,377.90M,9.68B,3/15/2022
LTC-USD,-,131.68895,6.58,0.0526,6:55 PM UTC,993.70M,909.00M,9.21B,3/15/2022
ATOM-USD,-,30.832205,2.04,0.071,6:55 PM UTC,899.38M,1.21B,8.83B,3/15/2022
NEAR-USD,-,13.295092,0.51,0.0402,6:55 PM UTC,597.90M,727.13M,8.79B,3/15/2022
LINK-USD,-,17.200783,0.97,0.06,6:55 PM UTC,827.41M,1.05B,8.03B,3/15/2022
UNI1-USD,-,11.46684,0.43,0.0394,6:55 PM UTC,317.71M,261.99M,7.90B,3/15/2022
FTT-USD,-,53.052994,2.44,0.0483,6:55 PM UTC,162.18M,172.04M,7.29B,3/15/2022
BCH-USD,-,382.88855,20.78,0.0574,6:55 PM UTC,4.90B,4.38B,7.28B,3/15/2022
TRX-USD,-,0.071075596,0,0.0458,6:55 PM UTC,1.33B,1.00B,7.23B,3/15/2022
WTRX-USD,-,0.07090221,0,0.0426,6:55 PM UTC,2.27M,-,7.21B,3/15/2022
STETH-USD,-,3401.664,225.2,0.0709,6:55 PM UTC,639.21k,7.92M,6.85B,3/15/2022
BTC-USD,-,47384.414,444.21,0.0095,1:24 AM UTC,35.57B,26.85B,900.15B,3/16/2022
ETH-USD,-,3364.8293,63.73,0.0193,1:24 AM UTC,20.07B,14.76B,404.29B,3/16/2022
USDT-USD,-,1.0005198,0,0.0002,1:24 AM UTC,85.40B,58.07B,81.58B,3/16/2022
BNB-USD,-,433.18552,3.12,0.0073,1:24 AM UTC,2.09B,2.06B,71.53B,3/16/2022
USDC-USD,-,0.99980396,0,-0.0001,1:24 AM UTC,4.65B,"1,814.96B",52.07B,3/16/2022
XRP-USD,-,0.87330776,0.01,0.0088,1:24 AM UTC,3.18B,2.25B,42.02B,3/16/2022
ADA-USD,-,1.1922303,0.01,0.0125,1:24 AM UTC,2.33B,1.56B,40.21B,3/16/2022
SOL-USD,-,108.13325,2.09,0.0197,1:24 AM UTC,2.87B,2.16B,35.16B,3/16/2022
LUNA1-USD,-,98.47703,4.68,0.0499,1:24 AM UTC,2.92B,2.45B,35.04B,3/16/2022
HEX-USD,-,0.15776311,0,0.0148,1:24 AM UTC,18.61M,21.71M,27.36B,3/16/2022
AVAX-USD,-,91.06688,1.73,0.0194,1:24 AM UTC,1.74B,1.16B,24.34B,3/16/2022
DOT-USD,-,22.222826,-0.27,-0.0121,1:24 AM UTC,1.24B,1.20B,21.95B,3/16/2022
DOGE-USD,-,0.1447566,0,-0.0098,1:24 AM UTC,1.44B,844.89M,19.20B,3/16/2022
BUSD-USD,-,1.000682,0,0.0004,1:23 AM UTC,5.83B,8.17B,17.55B,3/16/2022
UST-USD,-,0.9995447,0,-0.0012,1:23 AM UTC,666.75M,419.70M,16.23B,3/16/2022
SHIB-USD,-,2.71E-05,0,0.0408,1:24 AM UTC,3.62B,1.21B,14.90B,3/16/2022
WBTC-USD,-,47433.242,481.32,0.0103,1:23 AM UTC,248.44M,220.22M,13.01B,3/16/2022
MATIC-USD,-,1.6814299,-0.01,-0.007,1:24 AM UTC,844.85M,1.22B,12.95B,3/16/2022
CRO-USD,-,0.48470673,0,0.0003,1:24 AM UTC,159.77M,137.79M,12.25B,3/16/2022
DAI-USD,-,0.99944276,0,-0.0004,1:24 AM UTC,393.22M,377.90M,9.66B,3/16/2022
LTC-USD,-,128.99567,-0.93,-0.0072,1:24 AM UTC,935.57M,909.00M,9.02B,3/16/2022
ATOM-USD,-,29.986153,-0.54,-0.0176,1:24 AM UTC,952.19M,1.21B,8.59B,3/16/2022
NEAR-USD,-,12.852919,-0.36,-0.0275,1:23 AM UTC,581.09M,727.13M,8.50B,3/16/2022
LINK-USD,-,16.806198,0.07,0.0041,1:24 AM UTC,804.12M,1.05B,7.85B,3/16/2022
UNI1-USD,-,11.109791,-0.31,-0.0271,1:24 AM UTC,299.74M,261.99M,7.66B,3/16/2022
FTT-USD,-,52.078876,0.06,0.0012,1:24 AM UTC,157.77M,172.04M,7.15B,3/16/2022
TRX-USD,-,0.070287004,0,0.0199,1:24 AM UTC,1.25B,1.00B,7.15B,3/16/2022
WTRX-USD,-,0.0701923,0,0.0162,1:23 AM UTC,2.60M,-,7.14B,3/16/2022
BCH-USD,-,371.15305,-5.14,-0.0137,1:24 AM UTC,4.86B,4.38B,7.06B,3/16/2022
STETH-USD,-,3335.1301,39.57,0.012,1:23 AM UTC,625.76k,7.92M,6.72B,3/16/2022
BTC-USD,-,47373.027,-39.59,-0.0008,3:35 AM UTC,32.71B,26.92B,899.98B,3/17/2022
ETH-USD,-,3384.194,7.72,0.0023,3:35 AM UTC,19.43B,14.84B,406.67B,3/17/2022
USDT-USD,-,1.0004005,0,-0.0001,3:35 AM UTC,83.15B,58.37B,81.70B,3/17/2022
BNB-USD,-,432.62637,-0.61,-0.0014,3:35 AM UTC,1.99B,2.06B,71.43B,3/17/2022
USDC-USD,-,1.00006,0,0.0001,3:35 AM UTC,4.64B,"1,835.56B",51.94B,3/17/2022
XRP-USD,-,0.8605974,-0.01,-0.0133,3:35 AM UTC,2.11B,2.26B,41.41B,3/17/2022
ADA-USD,-,1.1866572,-0.01,-0.0101,3:35 AM UTC,1.71B,1.58B,40.02B,3/17/2022
LUNA1-USD,-,106.888054,2.96,0.0284,3:35 AM UTC,3.90B,2.46B,37.99B,3/17/2022
SOL-USD,-,110.43169,1.26,0.0116,3:35 AM UTC,3.08B,2.18B,35.90B,3/17/2022
HEX-USD,-,0.14984858,-0.01,-0.0442,3:35 AM UTC,18.55M,20.86M,25.99B,3/17/2022
AVAX-USD,-,92.25254,-1.3,-0.0139,3:35 AM UTC,1.60B,1.17B,24.66B,3/17/2022
DOT-USD,-,22.224648,-0.06,-0.0026,3:35 AM UTC,1.21B,1.18B,21.95B,3/17/2022
DOGE-USD,-,0.14177343,0,-0.0195,3:35 AM UTC,971.64M,855.10M,18.81B,3/17/2022
BUSD-USD,-,1.0003216,0,0.0006,3:35 AM UTC,5.87B,8.24B,17.55B,3/17/2022
UST-USD,-,0.99942535,0,-0.0008,3:35 AM UTC,599.47M,429.07M,16.28B,3/17/2022
SHIB-USD,-,2.69E-05,0,-0.0028,3:35 AM UTC,1.92B,1.24B,14.80B,3/17/2022
WBTC-USD,-,47270.008,-183.48,-0.0039,3:35 AM UTC,232.73M,220.65M,12.97B,3/17/2022
MATIC-USD,-,1.659953,-0.03,-0.0153,3:35 AM UTC,842.38M,1.19B,12.78B,3/17/2022
CRO-USD,-,0.47712737,-0.01,-0.0216,3:35 AM UTC,107.84M,136.09M,12.05B,3/17/2022
DAI-USD,-,0.9996258,0,0.0001,3:35 AM UTC,311.60M,378.92M,9.62B,3/17/2022
NEAR-USD,-,14.202494,1.21,0.0929,3:35 AM UTC,1.17B,716.43M,9.41B,3/17/2022
LTC-USD,-,127.945335,-1.51,-0.0117,3:35 AM UTC,837.67M,908.24M,8.95B,3/17/2022
ATOM-USD,-,29.949453,-0.1,-0.0034,3:35 AM UTC,1.13B,1.21B,8.58B,3/17/2022
LINK-USD,-,17.33143,0.37,0.0221,3:35 AM UTC,750.80M,1.05B,8.09B,3/17/2022
UNI1-USD,-,11.154918,0.1,0.0091,3:35 AM UTC,316.22M,258.70M,7.69B,3/17/2022
BCH-USD,-,369.15112,-3.18,-0.0085,3:35 AM UTC,4.68B,4.37B,7.02B,3/17/2022
TRX-USD,-,0.06857045,0,-0.0309,3:35 AM UTC,1.00B,1.00B,6.97B,3/17/2022
FTT-USD,-,50.71169,-1.51,-0.0289,3:35 AM UTC,172.28M,172.78M,6.96B,3/17/2022
WTRX-USD,-,0.06838379,0,-0.0332,3:35 AM UTC,2.49M,-,6.95B,3/17/2022
STETH-USD,-,3373.8938,-3.96,-0.0012,3:35 AM UTC,384.53k,7.90M,6.80B,3/17/2022
BTC-USD,-,47167.496,-139.5,-0.0029,4:34 PM UTC,28.25B,26.97B,896.10B,3/18/2022
ETH-USD,-,3389.3608,-4.45,-0.0013,4:33 PM UTC,16.02B,14.89B,407.32B,3/18/2022
USDT-USD,-,1.0003698,0,0,4:33 PM UTC,78.96B,58.62B,81.70B,3/18/2022
BNB-USD,-,446.06702,13.55,0.0313,4:33 PM UTC,2.05B,2.06B,73.65B,3/18/2022
USDC-USD,-,0.99975586,0,-0.0001,4:33 PM UTC,4.34B,"1,814.99B",51.83B,3/18/2022
XRP-USD,-,0.86600894,0.01,0.0118,4:33 PM UTC,1.80B,2.26B,41.67B,3/18/2022
ADA-USD,-,1.1966956,0.01,0.0042,4:33 PM UTC,1.42B,1.58B,40.37B,3/18/2022
SOL-USD,-,123.19174,12.59,0.1138,4:33 PM UTC,3.83B,2.19B,40.05B,3/18/2022
LUNA1-USD,-,107.99801,2.6,0.0247,4:33 PM UTC,2.83B,2.48B,38.35B,3/18/2022
HEX-USD,-,0.15593123,0.01,0.0383,4:33 PM UTC,15.64M,20.84M,27.04B,3/18/2022
AVAX-USD,-,97.222984,4.97,0.0539,4:33 PM UTC,1.37B,1.18B,25.99B,3/18/2022
DOT-USD,-,22.261868,0.16,0.007,4:33 PM UTC,1.02B,1.18B,21.99B,3/18/2022
DOGE-USD,-,0.1431228,0,0.0014,4:33 PM UTC,893.24M,856.29M,18.99B,3/18/2022
BUSD-USD,-,1.0011785,0,0.0033,4:33 PM UTC,5.94B,8.21B,17.56B,3/18/2022
UST-USD,-,1.0016567,0,0.0011,4:33 PM UTC,513.16M,431.14M,16.35B,3/18/2022
SHIB-USD,-,2.76E-05,0,0.0228,4:33 PM UTC,1.45B,1.25B,15.16B,3/18/2022
MATIC-USD,-,1.6994733,0.02,0.0148,4:33 PM UTC,738.92M,1.19B,13.09B,3/18/2022
WBTC-USD,-,47239.668,-170.85,-0.0036,4:33 PM UTC,190.98M,221.17M,12.96B,3/18/2022
CRO-USD,-,0.47597393,-0.01,-0.0187,4:33 PM UTC,88.30M,135.74M,12.02B,3/18/2022
DAI-USD,-,0.9999798,0,0.0003,4:33 PM UTC,272.91M,378.42M,9.64B,3/18/2022
NEAR-USD,-,14.233115,0.65,0.0475,4:33 PM UTC,950.48M,720.27M,9.43B,3/18/2022
LTC-USD,-,132.06409,3.5,0.0272,4:34 PM UTC,897.03M,907.45M,9.24B,3/18/2022
ATOM-USD,-,31.086172,0.71,0.0233,4:33 PM UTC,929.73M,1.21B,8.90B,3/18/2022
LINK-USD,-,17.244932,0.36,0.0214,4:33 PM UTC,741.03M,1.04B,8.05B,3/18/2022
UNI1-USD,-,11.613753,0.42,0.0377,4:33 PM UTC,351.61M,259.41M,8.00B,3/18/2022
TRX-USD,-,0.07192112,0,0.0289,4:33 PM UTC,1.47B,1.00B,7.31B,3/18/2022
WTRX-USD,-,0.071757816,0,0.0292,4:33 PM UTC,4.77M,-,7.30B,3/18/2022
BCH-USD,-,383.47473,12.49,0.0337,4:33 PM UTC,4.55B,4.37B,7.29B,3/18/2022
FTT-USD,-,51.398354,0.51,0.0101,4:33 PM UTC,133.20M,172.70M,7.06B,3/18/2022
STETH-USD,-,3385.2935,-6.43,-0.0019,4:33 PM UTC,304.53k,7.82M,6.82B,3/18/2022
BTC-USD,-,47248.215,99.47,0.0021,2:40 AM UTC,28.19B,26.86B,897.65B,3/19/2022
ETH-USD,-,3408.8364,38.99,0.0116,2:40 AM UTC,14.75B,14.90B,409.68B,3/19/2022
USDT-USD,-,1.0003446,0,-0.0001,2:40 AM UTC,79.41B,58.63B,81.96B,3/19/2022
BNB-USD,-,446.12378,15.45,0.0359,2:40 AM UTC,2.33B,2.06B,73.66B,3/19/2022
USDC-USD,-,1.0000423,0,0.0001,2:40 AM UTC,4.02B,"1,835.58B",51.70B,3/19/2022
XRP-USD,-,0.8641909,0.01,0.0124,2:41 AM UTC,1.85B,2.27B,41.59B,3/19/2022
ADA-USD,-,1.1936377,0.01,0.0111,2:40 AM UTC,1.37B,1.58B,40.27B,3/19/2022
SOL-USD,-,121.59089,12.05,0.11,2:40 AM UTC,3.90B,2.19B,39.55B,3/19/2022
LUNA1-USD,-,107.09244,0.01,0.0001,2:41 AM UTC,2.47B,2.49B,38.02B,3/19/2022
HEX-USD,-,0.15906712,0.01,0.0608,2:40 AM UTC,14.94M,20.45M,27.58B,3/19/2022
AVAX-USD,-,99.38687,7.73,0.0844,2:40 AM UTC,2.03B,1.18B,26.56B,3/19/2022
DOT-USD,-,22.654976,0.59,0.0269,2:40 AM UTC,1.09B,1.18B,22.37B,3/19/2022
DOGE-USD,-,0.14469609,0,0.0227,2:41 AM UTC,830.66M,858.70M,19.20B,3/19/2022
BUSD-USD,-,0.99984795,0,0.0007,2:39 AM UTC,5.58B,8.26B,17.47B,3/19/2022
UST-USD,-,1.0010916,0,0.0012,2:39 AM UTC,401.94M,434.50M,16.35B,3/19/2022
SHIB-USD,-,2.77E-05,0,0.0346,2:40 AM UTC,1.58B,1.25B,15.21B,3/19/2022
MATIC-USD,-,1.7191194,0.07,0.042,2:40 AM UTC,820.22M,1.18B,13.24B,3/19/2022
WBTC-USD,-,47296.785,212.81,0.0045,2:39 AM UTC,155.25M,220.99M,12.97B,3/19/2022
CRO-USD,-,0.4778407,0,0.004,2:40 AM UTC,78.52M,134.75M,12.07B,3/19/2022
DAI-USD,-,0.9999405,0,0.0004,2:40 AM UTC,260.10M,378.35M,9.65B,3/19/2022
NEAR-USD,-,14.168957,0.18,0.0131,2:39 AM UTC,710.91M,721.54M,9.40B,3/19/2022
LTC-USD,-,131.98965,4.64,0.0364,2:41 AM UTC,893.35M,905.82M,9.23B,3/19/2022
ATOM-USD,-,30.49604,0.68,0.0229,2:40 AM UTC,911.27M,1.21B,8.73B,3/19/2022
UNI1-USD,-,12.307254,1.26,0.1143,2:40 AM UTC,399.77M,258.03M,8.48B,3/19/2022
LINK-USD,-,17.438015,0.55,0.0328,2:40 AM UTC,757.08M,1.05B,8.14B,3/19/2022
TRX-USD,-,0.07475817,0.01,0.0972,2:40 AM UTC,2.06B,996.86M,7.60B,3/19/2022
WTRX-USD,-,0.07471301,0.01,0.1,2:39 AM UTC,5.57M,-,7.60B,3/19/2022
BCH-USD,-,382.35883,14.78,0.0402,2:40 AM UTC,4.69B,4.36B,7.27B,3/19/2022
FTT-USD,-,51.416443,0.92,0.0183,2:40 AM UTC,133.11M,172.34M,7.06B,3/19/2022
STETH-USD,-,3406.5276,56.15,0.0168,2:39 AM UTC,248.09k,7.81M,6.86B,3/19/2022
BTC-USD,-,46608.14,-443.09,-0.0094,3:12 PM UTC,32.52B,26.89B,885.51B,3/20/2022
ETH-USD,-,3370.0857,1.45,0.0004,3:12 PM UTC,16.11B,14.90B,405.04B,3/20/2022
USDT-USD,-,1.0003119,0,0,3:12 PM UTC,90.27B,58.87B,81.96B,3/20/2022
BNB-USD,-,436.4105,1.14,0.0026,3:12 PM UTC,2.71B,2.06B,72.06B,3/20/2022
USDC-USD,-,1.0000201,0,0.0005,3:12 PM UTC,4.78B,"1,815.00B",51.64B,3/20/2022
SOL-USD,-,127.6537,8.44,0.0708,3:12 PM UTC,4.29B,2.21B,41.52B,3/20/2022
ADA-USD,-,1.1852534,0.01,0.0091,3:12 PM UTC,1.64B,1.58B,39.99B,3/20/2022
XRP-USD,-,0.82836735,-0.03,-0.0361,3:12 PM UTC,2.37B,2.26B,39.86B,3/20/2022
LUNA1-USD,-,106.13819,0.74,0.007,3:12 PM UTC,2.51B,2.49B,37.65B,3/20/2022
HEX-USD,-,0.1554613,0,-0.0047,3:12 PM UTC,13.85M,20.39M,26.96B,3/20/2022
AVAX-USD,-,99.84041,8.25,0.0901,3:12 PM UTC,2.57B,1.18B,26.69B,3/20/2022
DOT-USD,-,21.985632,-0.04,-0.0019,3:12 PM UTC,1.28B,1.18B,21.71B,3/20/2022
DOGE-USD,-,0.14173563,0,0.0025,3:12 PM UTC,984.95M,858.99M,18.80B,3/20/2022
BUSD-USD,-,0.99867296,0,-0.0017,3:11 PM UTC,6.72B,8.23B,17.45B,3/20/2022
UST-USD,-,1.0009518,0,0.0003,3:11 PM UTC,484.76M,434.31M,16.38B,3/20/2022
SHIB-USD,-,2.68E-05,0,-0.0034,3:12 PM UTC,1.62B,1.25B,14.72B,3/20/2022
MATIC-USD,-,1.6837206,0.01,0.0066,3:12 PM UTC,1.02B,1.18B,12.97B,3/20/2022
WBTC-USD,-,46618.81,-479.48,-0.0102,3:11 PM UTC,186.48M,220.43M,12.79B,3/20/2022
CRO-USD,-,0.47139183,0,-0.0054,3:12 PM UTC,94.89M,134.17M,11.91B,3/20/2022
DAI-USD,-,0.9995666,0,0.0001,3:12 PM UTC,319.78M,377.17M,9.62B,3/20/2022
NEAR-USD,-,13.691154,-0.29,-0.0207,3:11 PM UTC,689.31M,722.19M,9.08B,3/20/2022
LTC-USD,-,125.14992,-6.09,-0.0464,3:12 PM UTC,1.28B,906.08M,8.76B,3/20/2022
ATOM-USD,-,29.527843,-0.35,-0.0116,3:12 PM UTC,1.09B,1.21B,8.46B,3/20/2022
LINK-USD,-,17.27349,0.27,0.0159,3:12 PM UTC,852.70M,1.04B,8.07B,3/20/2022
UNI1-USD,-,11.61019,0.13,0.0114,3:12 PM UTC,435.34M,259.16M,8.00B,3/20/2022
WTRX-USD,-,0.07498719,0,0.0359,3:11 PM UTC,6.71M,-,7.63B,3/20/2022
TRX-USD,-,0.07494906,0,0.0351,3:12 PM UTC,2.32B,1.01B,7.62B,3/20/2022
BCH-USD,-,370.4612,-10.31,-0.0271,3:12 PM UTC,5.13B,4.37B,7.05B,3/20/2022
FTT-USD,-,50.10082,-0.59,-0.0116,3:12 PM UTC,161.51M,172.01M,6.88B,3/20/2022
STETH-USD,-,3353.3044,-12.51,-0.0037,3:11 PM UTC,326.41k,7.72M,6.75B,3/20/2022
BTC-USD,-,44575.086,-2534.06,-0.0538,3:54 AM UTC,38.39B,26.91B,846.90B,3/21/2022
ETH-USD,-,3242.8413,-157.34,-0.0463,3:54 AM UTC,19.44B,14.96B,389.77B,3/21/2022
USDT-USD,-,1.0003086,0,0,3:54 AM UTC,97.33B,59.05B,82.00B,3/21/2022
BNB-USD,-,418.15167,-27.17,-0.061,3:54 AM UTC,2.66B,2.06B,69.04B,3/21/2022
USDC-USD,-,0.99971974,0,0.0005,3:54 AM UTC,5.10B,"1,835.60B",51.42B,3/21/2022
XRP-USD,-,0.8171743,-0.05,-0.0527,3:54 AM UTC,2.84B,2.27B,39.32B,3/21/2022
SOL-USD,-,120.30311,-1,-0.0082,3:54 AM UTC,4.23B,2.23B,39.18B,3/21/2022
ADA-USD,-,1.1197573,-0.08,-0.0655,3:54 AM UTC,1.92B,1.59B,37.78B,3/21/2022
LUNA1-USD,-,99.71225,-7.39,-0.069,3:54 AM UTC,2.29B,2.50B,35.35B,3/21/2022
HEX-USD,-,0.1510073,-0.01,-0.0461,3:54 AM UTC,16.35M,20.10M,26.19B,3/21/2022
AVAX-USD,-,92.03159,-6.8,-0.0688,3:54 AM UTC,2.05B,1.19B,24.60B,3/21/2022
DOT-USD,-,20.880829,-1.72,-0.0761,3:54 AM UTC,1.31B,1.19B,20.62B,3/21/2022
DOGE-USD,-,0.13473268,-0.01,-0.0692,3:54 AM UTC,1.20B,864.53M,17.88B,3/21/2022
BUSD-USD,-,0.99972445,0,-0.0005,3:54 AM UTC,7.03B,8.29B,17.45B,3/21/2022
UST-USD,-,1.0016162,0,0.0013,3:54 AM UTC,599.56M,437.80M,16.42B,3/21/2022
SHIB-USD,-,2.51E-05,0,-0.0974,3:54 AM UTC,1.50B,1.26B,13.80B,3/21/2022
WBTC-USD,-,44564.992,-2612.17,-0.0554,3:54 AM UTC,278.34M,220.64M,12.25B,3/21/2022
MATIC-USD,-,1.5807496,-0.13,-0.0747,3:54 AM UTC,1.03B,1.18B,12.17B,3/21/2022
CRO-USD,-,0.44878948,-0.03,-0.062,3:54 AM UTC,118.73M,133.91M,11.34B,3/21/2022
DAI-USD,-,0.9992595,0,-0.0001,3:54 AM UTC,380.15M,377.25M,9.63B,3/21/2022
NEAR-USD,-,12.837787,-1.25,-0.0889,3:54 AM UTC,728.73M,726.18M,8.46B,3/21/2022
LTC-USD,-,120.71736,-10.87,-0.0826,3:54 AM UTC,1.43B,908.52M,8.45B,3/21/2022
ATOM-USD,-,28.008696,-2.37,-0.0779,3:54 AM UTC,1.03B,1.20B,8.02B,3/21/2022
LINK-USD,-,16.402107,-0.93,-0.0534,3:54 AM UTC,898.09M,1.05B,7.66B,3/21/2022
UNI1-USD,-,11.088307,-1.24,-0.1005,3:54 AM UTC,415.18M,259.66M,7.64B,3/21/2022
TRX-USD,-,0.072475284,0,-0.0248,3:54 AM UTC,1.87B,1.00B,7.37B,3/21/2022
WTRX-USD,-,0.07225476,0,-0.0303,3:54 AM UTC,7.03M,-,7.35B,3/21/2022
BCH-USD,-,369.02548,-12.06,-0.0316,3:54 AM UTC,5.28B,4.36B,7.02B,3/21/2022
FTT-USD,-,47.915817,-3.19,-0.0624,3:54 AM UTC,167.10M,172.77M,6.58B,3/21/2022
STETH-USD,-,3221.2307,-172.49,-0.0508,3:54 AM UTC,320.39k,7.72M,6.49B,3/21/2022
BTC-USD,-,46100.062,-469.68,-0.0101,4:11 AM UTC,27.46B,27.03B,875.96B,3/22/2022
ETH-USD,-,3466.2917,-3.06,-0.0009,4:10 AM UTC,22.14B,15.15B,416.72B,3/22/2022
USDT-USD,-,1.000403,0,0,4:10 AM UTC,76.92B,60.02B,82.34B,3/22/2022
BNB-USD,-,438.83707,-9.27,-0.0207,4:10 AM UTC,2.16B,2.09B,72.46B,3/22/2022
USDC-USD,-,0.99982136,0,0,4:10 AM UTC,3.91B,"1,835.65B",51.60B,3/22/2022
SOL-USD,-,136.03743,1.64,0.0122,4:10 AM UTC,3.38B,2.30B,44.35B,3/22/2022
LUNA1-USD,-,115.538284,8.1,0.0754,4:10 AM UTC,3.03B,2.51B,40.85B,3/22/2022
XRP-USD,-,0.8306,-0.01,-0.0074,4:11 AM UTC,1.62B,2.30B,39.98B,3/22/2022
ADA-USD,-,1.1640285,-0.01,-0.0127,4:10 AM UTC,1.22B,1.61B,39.27B,3/22/2022
HEX-USD,-,0.15543208,0,0.0095,4:10 AM UTC,12.19M,19.93M,26.95B,3/22/2022
AVAX-USD,-,98.04229,0.95,0.0098,4:10 AM UTC,1.62B,1.21B,26.21B,3/22/2022
DOT-USD,-,22.770302,0.53,0.0239,4:10 AM UTC,1.51B,1.18B,22.49B,3/22/2022
DOGE-USD,-,0.1395988,0,-0.0227,4:10 AM UTC,677.27M,876.30M,18.52B,3/22/2022
BUSD-USD,-,1.0012693,0,0,4:09 AM UTC,5.41B,8.38B,17.77B,3/22/2022
UST-USD,-,1.0002946,0,-0.0003,4:09 AM UTC,465.81M,446.98M,16.51B,3/22/2022
SHIB-USD,-,2.62E-05,0,-0.0113,4:10 AM UTC,1.13B,1.27B,14.39B,3/22/2022
MATIC-USD,-,1.6730667,-0.04,-0.0244,4:10 AM UTC,742.17M,1.18B,12.98B,3/22/2022
WBTC-USD,-,46013.84,-500.59,-0.0108,4:09 AM UTC,207.69M,221.67M,12.67B,3/22/2022
CRO-USD,-,0.48144388,0,-0.0009,4:10 AM UTC,94.17M,132.31M,12.16B,3/22/2022
NEAR-USD,-,15.57573,0.86,0.0585,4:09 AM UTC,1.17B,727.68M,10.29B,3/22/2022
DAI-USD,-,1.0000494,0,0.0002,4:10 AM UTC,295.01M,376.93M,9.51B,3/22/2022
ATOM-USD,-,31.831339,1.93,0.0644,4:10 AM UTC,1.31B,1.19B,9.12B,3/22/2022
LTC-USD,-,125.237465,-1.24,-0.0098,4:11 AM UTC,736.18M,917.28M,8.76B,3/22/2022
UNI1-USD,-,11.99955,0.37,0.0316,4:10 AM UTC,347.68M,261.57M,8.27B,3/22/2022
LINK-USD,-,17.556173,0.25,0.0142,4:10 AM UTC,650.66M,1.03B,8.20B,3/22/2022
TRX-USD,-,0.07284461,0,-0.043,4:10 AM UTC,948.40M,1.01B,7.41B,3/22/2022
WTRX-USD,-,0.0725046,0,-0.046,4:09 AM UTC,1.76M,-,7.37B,3/22/2022
BCH-USD,-,376.15045,-1.54,-0.0041,4:10 AM UTC,4.88B,4.35B,7.16B,3/22/2022
STETH-USD,-,3458.9304,27.17,0.0079,4:09 AM UTC,2.48M,7.56M,6.97B,3/22/2022
FTT-USD,-,50.003403,-0.52,-0.0102,4:10 AM UTC,130.84M,171.77M,6.87B,3/22/2022
BTC-USD,-,46261.582,255.61,0.0056,12:23 AM UTC,25.66B,27.06B,879.06B,3/23/2022
ETH-USD,-,3509.6628,49.75,0.0144,12:23 AM UTC,15.33B,15.25B,421.98B,3/23/2022
USDT-USD,-,1.0002823,0,-0.0001,12:23 AM UTC,67.10B,60.24B,82.36B,3/23/2022
BNB-USD,-,446.37466,7.52,0.0171,12:23 AM UTC,2.12B,2.09B,73.70B,3/23/2022
USDC-USD,-,0.99987465,0,0.0004,12:23 AM UTC,3.35B,"1,815.07B",51.62B,3/23/2022
SOL-USD,-,135.53465,2.2,0.0165,12:23 AM UTC,2.56B,2.31B,44.16B,3/23/2022
XRP-USD,-,0.8399549,0.02,0.0187,12:23 AM UTC,1.34B,2.29B,40.43B,3/23/2022
ADA-USD,-,1.1790454,0.02,0.0148,12:23 AM UTC,971.78M,1.60B,39.78B,3/23/2022
LUNA1-USD,-,112.31045,-4.02,-0.0346,12:23 AM UTC,2.15B,2.52B,39.66B,3/23/2022
HEX-USD,-,0.15807657,0,0.0163,12:23 AM UTC,17.41M,19.85M,27.41B,3/23/2022
AVAX-USD,-,96.86714,0.3,0.0031,12:23 AM UTC,1.30B,1.22B,25.90B,3/23/2022
DOT-USD,-,23.088701,0.19,0.0083,12:23 AM UTC,1.10B,1.18B,22.80B,3/23/2022
DOGE-USD,-,0.14551988,0.01,0.0396,12:23 AM UTC,1.04B,874.12M,19.31B,3/23/2022
BUSD-USD,-,0.9995517,0,0.0009,12:23 AM UTC,4.75B,8.35B,17.78B,3/23/2022
UST-USD,-,1.0002406,0,-0.0005,12:23 AM UTC,323.61M,447.56M,16.57B,3/23/2022
SHIB-USD,-,2.67E-05,0,0.0237,12:23 AM UTC,909.60M,1.27B,14.64B,3/23/2022
MATIC-USD,-,1.6774284,0.02,0.0095,12:23 AM UTC,594.17M,1.17B,13.01B,3/23/2022
WBTC-USD,-,46363.703,374.52,0.0081,12:23 AM UTC,156.64M,221.86M,12.77B,3/23/2022
CRO-USD,-,0.47914025,0,-0.0031,12:23 AM UTC,76.80M,131.91M,12.10B,3/23/2022
NEAR-USD,-,16.721981,1.69,0.1127,12:23 AM UTC,1.64B,731.76M,11.04B,3/23/2022
DAI-USD,-,0.99937534,0,0.0002,12:23 AM UTC,261.71M,376.30M,9.50B,3/23/2022
ATOM-USD,-,32.071587,0.43,0.0136,12:23 AM UTC,1.44B,1.19B,9.18B,3/23/2022
LTC-USD,-,128.33727,2.89,0.0231,12:23 AM UTC,677.41M,915.53M,8.98B,3/23/2022
LINK-USD,-,17.91534,0.44,0.025,12:23 AM UTC,658.25M,1.03B,8.37B,3/23/2022
UNI1-USD,-,11.782256,-0.03,-0.0026,12:23 AM UTC,267.56M,262.54M,8.12B,3/23/2022
WTRX-USD,-,0.07295536,0,-0.0022,12:23 AM UTC,1.03M,-,7.42B,3/23/2022
TRX-USD,-,0.07278141,0,-0.0074,12:23 AM UTC,944.74M,1.01B,7.40B,3/23/2022
BCH-USD,-,376.8584,2.49,0.0067,12:23 AM UTC,4.79B,4.36B,7.17B,3/23/2022
STETH-USD,-,3507.8313,49.32,0.0143,12:23 AM UTC,306.04k,7.50M,7.07B,3/23/2022
FTT-USD,-,50.268143,0.28,0.0057,12:23 AM UTC,100.35M,171.47M,6.90B,3/23/2022
BTC-USD,-,46710.86,628.5,0.0136,3:13 AM UTC,31.11B,26.75B,887.65B,3/24/2022
ETH-USD,-,3521.358,17.72,0.0051,3:12 AM UTC,17.18B,15.23B,423.44B,3/24/2022
USDT-USD,-,1.0002047,0,-0.0001,3:12 AM UTC,77.65B,60.12B,82.40B,3/24/2022
BNB-USD,-,453.6097,7.93,0.0178,3:12 AM UTC,2.25B,2.08B,74.90B,3/24/2022
USDC-USD,-,0.99977154,0,0.0002,3:12 AM UTC,4.02B,"1,835.64B",51.52B,3/24/2022
SOL-USD,-,132.663,-3.9,-0.0286,3:12 AM UTC,2.74B,2.32B,43.19B,3/24/2022
LUNA1-USD,-,116.09439,0.61,0.0053,3:13 AM UTC,2.62B,2.53B,40.92B,3/24/2022
ADA-USD,-,1.2118589,0.03,0.0244,3:12 AM UTC,2.42B,1.60B,40.89B,3/24/2022
XRP-USD,-,0.8290565,-0.01,-0.0075,3:13 AM UTC,1.82B,2.29B,39.91B,3/24/2022
HEX-USD,-,0.14986354,0,-0.0093,3:12 AM UTC,30.24M,19.80M,25.99B,3/24/2022
AVAX-USD,-,96.46877,-1.14,-0.0117,3:12 AM UTC,1.20B,1.22B,25.79B,3/24/2022
DOT-USD,-,22.899944,-0.04,-0.0016,3:12 AM UTC,1.11B,1.18B,22.62B,3/24/2022
DOGE-USD,-,0.15107065,0.01,0.0398,3:13 AM UTC,2.37B,878.50M,20.04B,3/24/2022
BUSD-USD,-,1.00011,0,0.0013,3:11 AM UTC,5.67B,8.40B,17.75B,3/24/2022
UST-USD,-,1.000512,0,-0.0011,3:11 AM UTC,590.63M,451.64M,16.64B,3/24/2022
SHIB-USD,-,2.67E-05,0,-0.0042,3:12 AM UTC,1.03B,1.28B,14.68B,3/24/2022
WBTC-USD,-,46543.5,465.94,0.0101,3:11 AM UTC,157.98M,219.68M,12.81B,3/24/2022
MATIC-USD,-,1.6487803,-0.03,-0.0166,3:12 AM UTC,626.20M,1.15B,12.79B,3/24/2022
CRO-USD,-,0.48098108,0,0.0065,3:12 AM UTC,84.86M,129.30M,12.15B,3/24/2022
NEAR-USD,-,17.576454,0.62,0.0368,3:11 AM UTC,1.90B,727.60M,11.63B,3/24/2022
DAI-USD,-,1.0000845,0,0.0004,3:12 AM UTC,281.81M,371.36M,9.50B,3/24/2022
ATOM-USD,-,30.713049,-1.46,-0.0453,3:12 AM UTC,892.20M,1.17B,8.80B,3/24/2022
LTC-USD,-,125.46372,-1.01,-0.008,3:13 AM UTC,805.08M,909.82M,8.78B,3/24/2022
LINK-USD,-,17.492556,-0.25,-0.014,3:12 AM UTC,644.44M,982.45M,8.17B,3/24/2022
UNI1-USD,-,11.841844,0.04,0.0031,3:12 AM UTC,325.78M,257.33M,8.16B,3/24/2022
WTRX-USD,-,0.071429916,0,-0.007,3:11 AM UTC,1.70M,-,7.26B,3/24/2022
TRX-USD,-,0.07134268,0,-0.0111,3:12 AM UTC,1.56B,999.23M,7.25B,3/24/2022
BCH-USD,-,376.3191,-1.77,-0.0047,3:12 AM UTC,4.81B,4.35B,7.16B,3/24/2022
STETH-USD,-,3509.267,14.28,0.0041,3:11 AM UTC,286.80k,7.42M,7.07B,3/24/2022
FTT-USD,-,50.950333,0.85,0.017,3:13 AM UTC,127.88M,165.65M,7.00B,3/24/2022
BTC-USD,-,44341.316,-1593.05,-0.0347,2:56 PM UTC,37.62B,26.81B,842.68B,3/25/2022
ETH-USD,-,3268.6443,-187.33,-0.0542,2:56 PM UTC,23.10B,15.18B,393.11B,3/25/2022
USDT-USD,-,1.0002146,0,-0.0001,2:56 PM UTC,89.94B,60.34B,82.44B,3/25/2022
BNB-USD,-,427.27014,-24.45,-0.0541,2:56 PM UTC,2.32B,2.06B,70.55B,3/25/2022
USDC-USD,-,0.99978137,0,0.0006,2:56 PM UTC,5.17B,"1,815.05B",51.33B,3/25/2022
LUNA1-USD,-,109.65365,-6.91,-0.0593,2:56 PM UTC,3.13B,2.53B,38.58B,3/25/2022
SOL-USD,-,118.25348,-11.92,-0.0916,2:56 PM UTC,2.86B,2.33B,38.52B,3/25/2022
XRP-USD,-,0.7827314,-0.04,-0.0482,2:56 PM UTC,2.31B,2.28B,37.68B,3/25/2022
ADA-USD,-,1.110191,-0.08,-0.066,2:56 PM UTC,1.57B,1.61B,37.47B,3/25/2022
HEX-USD,-,0.13662152,-0.01,-0.0852,2:56 PM UTC,19.20M,19.88M,23.69B,3/25/2022
AVAX-USD,-,85.78203,-8.13,-0.0866,2:56 PM UTC,1.34B,1.22B,22.99B,3/25/2022
DOT-USD,-,20.663221,-1.59,-0.0713,2:56 PM UTC,1.08B,1.18B,20.41B,3/25/2022
DOGE-USD,-,0.14921317,-0.01,-0.0793,2:56 PM UTC,5.61B,944.68M,19.80B,3/25/2022
BUSD-USD,-,1.0007393,0,-0.0003,2:55 PM UTC,6.13B,8.38B,17.92B,3/25/2022
UST-USD,-,1.0001194,0,-0.0011,2:55 PM UTC,652.41M,456.63M,16.72B,3/25/2022
SHIB-USD,-,2.48E-05,0,-0.0626,2:56 PM UTC,1.92B,1.28B,13.63B,3/25/2022
WBTC-USD,-,44261.664,-1705.61,-0.0371,2:55 PM UTC,290.55M,217.07M,12.19B,3/25/2022
MATIC-USD,-,1.5044941,-0.12,-0.0739,2:56 PM UTC,818.62M,1.14B,11.67B,3/25/2022
CRO-USD,-,0.45130703,-0.02,-0.0479,2:56 PM UTC,74.20M,126.87M,11.40B,3/25/2022
NEAR-USD,-,15.967185,-0.77,-0.046,2:55 PM UTC,1.88B,741.98M,10.58B,3/25/2022
DAI-USD,-,0.9997441,0,0.0001,2:56 PM UTC,374.57M,367.37M,9.45B,3/25/2022
LTC-USD,-,116.17839,-8.13,-0.0654,2:56 PM UTC,920.12M,903.82M,8.13B,3/25/2022
ATOM-USD,-,27.827576,-2.25,-0.0749,2:56 PM UTC,797.80M,1.15B,7.97B,3/25/2022
LINK-USD,-,15.800984,-1.3,-0.0761,2:56 PM UTC,620.66M,948.77M,7.38B,3/25/2022
UNI1-USD,-,10.431444,-1,-0.0875,2:56 PM UTC,280.64M,255.53M,7.19B,3/25/2022
TRX-USD,-,0.0655371,0,-0.0632,2:56 PM UTC,1.50B,1.00B,6.66B,3/25/2022
WTRX-USD,-,0.06534998,0,-0.0664,2:55 PM UTC,2.27M,-,6.64B,3/25/2022
BCH-USD,-,345.7864,-26.62,-0.0715,2:56 PM UTC,4.76B,4.35B,6.58B,3/25/2022
STETH-USD,-,3264.4614,-180.6,-0.0524,2:55 PM UTC,358.05k,7.04M,6.58B,3/25/2022
FTT-USD,-,46.676548,-2.7,-0.0548,2:56 PM UTC,139.59M,163.37M,6.40B,3/25/2022
BTC-USD,-,43386.54,-1904.07,-0.042,4:38 AM UTC,38.30B,26.16B,824.56B,3/26/2022
ETH-USD,-,3199.9158,-148.74,-0.0444,4:38 AM UTC,24.10B,15.07B,384.87B,3/26/2022
USDT-USD,-,1.0002217,0,-0.0001,4:38 AM UTC,88.55B,60.09B,82.46B,3/26/2022
BNB-USD,-,426.9285,-15.4,-0.0348,4:38 AM UTC,2.24B,2.03B,70.49B,3/26/2022
USDC-USD,-,0.999753,0,0.0001,4:38 AM UTC,5.64B,"1,835.63B",51.03B,3/26/2022
LUNA1-USD,-,108.71438,-8.68,-0.0739,4:38 AM UTC,3.47B,2.52B,38.25B,3/26/2022
XRP-USD,-,0.774642,-0.04,-0.0449,4:38 AM UTC,2.40B,2.28B,37.29B,3/26/2022
SOL-USD,-,114.19004,-10.96,-0.0875,4:38 AM UTC,3.29B,2.32B,37.25B,3/26/2022
ADA-USD,-,1.0634507,-0.08,-0.0702,4:38 AM UTC,1.66B,1.61B,35.89B,3/26/2022
HEX-USD,-,0.13002208,-0.01,-0.0997,4:38 AM UTC,19.39M,19.75M,22.55B,3/26/2022
AVAX-USD,-,83.70849,-6.45,-0.0715,4:38 AM UTC,1.46B,1.22B,22.43B,3/26/2022
DOT-USD,-,19.988605,-1.52,-0.0706,4:38 AM UTC,1.13B,1.18B,19.74B,3/26/2022
DOGE-USD,-,0.14423873,-0.02,-0.1047,4:38 AM UTC,2.95B,944.40M,19.14B,3/26/2022
BUSD-USD,-,1.0004014,0,0.0012,4:37 AM UTC,5.87B,8.41B,17.74B,3/26/2022
UST-USD,-,1.0005398,0,0.0018,4:37 AM UTC,729.50M,457.76M,16.73B,3/26/2022
SHIB-USD,-,2.46E-05,0,-0.0566,4:38 AM UTC,1.11B,1.28B,13.52B,3/26/2022
WBTC-USD,-,43305.707,-1892.52,-0.0419,4:37 AM UTC,271.48M,214.81M,11.92B,3/26/2022
MATIC-USD,-,1.4672889,-0.11,-0.0693,4:38 AM UTC,828.82M,1.13B,11.38B,3/26/2022
CRO-USD,-,0.44387206,-0.02,-0.0481,4:38 AM UTC,83.17M,125.51M,11.21B,3/26/2022
NEAR-USD,-,15.318783,-1.15,-0.0698,4:37 AM UTC,2.14B,738.30M,10.16B,3/26/2022
DAI-USD,-,0.999813,0,-0.0001,4:38 AM UTC,453.41M,364.26M,9.40B,3/26/2022
LTC-USD,-,112.25005,-7.96,-0.0662,4:38 AM UTC,944.94M,898.58M,7.86B,3/26/2022
ATOM-USD,-,27.018534,-1.91,-0.0662,4:38 AM UTC,813.05M,1.12B,7.74B,3/26/2022
LINK-USD,-,15.431969,-0.97,-0.0593,4:38 AM UTC,644.28M,917.34M,7.21B,3/26/2022
UNI1-USD,-,10.021163,-0.86,-0.0792,4:38 AM UTC,277.26M,253.93M,6.90B,3/26/2022
TRX-USD,-,0.064090244,0,-0.0501,4:38 AM UTC,1.44B,994.25M,6.52B,3/26/2022
WTRX-USD,-,0.06388533,0,-0.051,4:37 AM UTC,3.01M,-,6.50B,3/26/2022
STETH-USD,-,3194.1726,-151,-0.0451,4:37 AM UTC,354.39k,5.90M,6.43B,3/26/2022
BCH-USD,-,334.08774,-22.98,-0.0644,4:38 AM UTC,4.60B,4.34B,6.36B,3/26/2022
FTT-USD,-,45.23451,-2.94,-0.0611,4:38 AM UTC,142.11M,162.11M,6.20B,3/26/2022
BTC-USD,-,42206.555,-595.55,-0.0139,2:15 AM UTC,19.13B,26.17B,802.28B,3/27/2022
ETH-USD,-,3194.4236,-62.37,-0.0191,2:15 AM UTC,11.17B,15.15B,384.38B,3/27/2022
USDT-USD,-,1.0003852,0,0.0001,2:15 AM UTC,45.93B,60.31B,82.57B,3/27/2022
ION-USD,-,5098.148,333.81,0.0701,2:14 AM UTC,2.40k,42,70.48B,3/27/2022
BNB-USD,-,416.61832,-10.25,-0.024,2:15 AM UTC,1.51B,1.93B,68.79B,3/27/2022
USDC-USD,-,0.9992469,0,-0.0005,2:15 AM UTC,2.51B,"1,835.63B",50.95B,3/27/2022
SOL-USD,-,111.159485,-1.37,-0.0121,2:15 AM UTC,1.35B,2.34B,36.46B,3/27/2022
XRP-USD,-,0.74926704,-0.02,-0.0197,2:15 AM UTC,1.15B,2.28B,36.07B,3/27/2022
ADA-USD,-,1.02201,-0.03,-0.0259,2:15 AM UTC,694.08M,1.60B,34.50B,3/27/2022
LUNA1-USD,-,90.55858,-5.38,-0.0561,2:15 AM UTC,1.66B,2.54B,32.14B,3/27/2022
HEX-USD,-,0.13211502,-0.01,-0.0405,2:15 AM UTC,14.99M,18.73M,22.91B,3/27/2022
AVAX-USD,-,79.91142,-4.65,-0.055,2:15 AM UTC,600.21M,1.24B,21.44B,3/27/2022
DOGE-USD,-,0.14986628,0,0.0083,2:15 AM UTC,1.83B,989.54M,19.88B,3/27/2022
DOT-USD,-,19.132908,-0.62,-0.0312,2:15 AM UTC,650.24M,1.18B,18.90B,3/27/2022
BUSD-USD,-,0.99936426,0,-0.0014,2:14 AM UTC,3.09B,8.43B,17.92B,3/27/2022
UST-USD,-,1.000138,0,-0.0001,2:14 AM UTC,407.56M,472.89M,16.73B,3/27/2022
SHIB-USD,-,2.45E-05,0,-0.017,2:15 AM UTC,627.52M,1.27B,13.44B,3/27/2022
WBTC-USD,-,42165.875,-592.68,-0.0139,2:14 AM UTC,131.50M,214.55M,11.63B,3/27/2022
MATIC-USD,-,1.4333988,-0.03,-0.0229,2:15 AM UTC,366.51M,1.08B,11.12B,3/27/2022
CRO-USD,-,0.43955147,0,-0.0096,2:15 AM UTC,38.89M,121.02M,11.10B,3/27/2022
NEAR-USD,-,15.919559,-1.44,-0.0831,2:14 AM UTC,1.06B,784.39M,10.61B,3/27/2022
DAI-USD,-,0.99908864,0,-0.0008,2:15 AM UTC,229.78M,357.26M,9.43B,3/27/2022
LTC-USD,-,110.06361,-2.55,-0.0227,2:15 AM UTC,547.29M,890.35M,7.71B,3/27/2022
ATOM-USD,-,26.283342,-1.01,-0.0369,2:15 AM UTC,318.21M,1.06B,7.53B,3/27/2022
LINK-USD,-,15.103492,-0.37,-0.0236,2:15 AM UTC,357.98M,801.31M,7.05B,3/27/2022
UNI1-USD,-,9.789055,-0.23,-0.0228,2:15 AM UTC,149.13M,249.03M,6.75B,3/27/2022
STETH-USD,-,3181.205,-70.44,-0.0217,2:14 AM UTC,176.85k,5.21M,6.41B,3/27/2022
TRX-USD,-,0.062218383,0,-0.0234,2:15 AM UTC,1.10B,998.29M,6.33B,3/27/2022
WTRX-USD,-,0.0620924,0,-0.0249,2:14 AM UTC,1.32M,-,6.31B,3/27/2022
FTT-USD,-,45.002926,-0.69,-0.015,2:15 AM UTC,53.39M,157.75M,6.17B,3/27/2022
